"V1","V2","V3","V4","V5","V6"
NA,NA,NA,NA,NA,NA
"EOAU","!Ni!MsAoIA","!Ni¢GgIAoIA","IiAo","!PcIo","!PcA|"
"2011-01-01","14","9","aOA~Oo","IT3ODo!PcIo","I¢FF!Pc"
"2011-01-02","15","12","Oo~D!Oe","IT3ODo!PcIo","I¢FF!Pc"
"2011-01-03","18","13","D!Oe","IT3ODo!PcIo","I¢FF!Pc"
"2011-01-04","19","15","D!Oe~Oo","IT3ODo!PcIo","I¢FF!Pc"
"2011-01-05","22","13","Oo~D!Oe","IT3ODo!PcIo","I¢FF!Pc"
"2011-01-06","19","13","D!Oe~Oo","IT3ODo!PcIo","I¢FF!Pc"
"2011-01-07","18","13","aOA","IT3ODo!PcIo","I¢FF!Pc"
"2011-01-08","18","14","Oo","IT3ODo!PcIo","I¢FF!Pc"
"2011-01-09","17","13","OoOe~D!Oe","IT3ODo!PcIo","I¢FF!Pc"
"2011-01-10","17","13","Oo","IT3ODo!PcIo","I¢FF!Pc"
"2011-01-11","17","15","OoOe","IT3ODo!PcIo","I¢FF!Pc"
"2011-01-12","18","15","D!Oe","IT3ODo!PcIo","I¢FF!Pc"
"2011-01-13","18","14","D!Oe~Oo","IT3ODo!PcIo","I¢FF!Pc"
"2011-01-14","18","13","aOA","IT3ODo!PcIo","I¢FF!Pc"
"2011-01-15","17","13","D!Oe~Oo","IT3ODo!PcIo","I¢FF!Pc"
"2011-01-16","16","12","Oo","IT3ODo!PcIo","I¢FF!Pc"
"2011-01-26","17","15","D!Oe","IT3ODo!PcIo","I¢FF!Pc"
"2011-01-29","14","10","OoOe","IT3ODo!PcIo","I¢FF!Pc"
"2011-01-30","12","9","D!Oe","IT3ODo!PcIo","I¢FF!Pc"
"2011-01-31","14","9","D!Oe","IT3ODo!PcIo","I¢FF!Pc"
"EOAU","!Ni!MsAoIA","!Ni¢GgIAoIA","IiAo","!PcIo","!PcA|"
"2012-01-01","16","11","OoOe","IT3ODo!PcIo","I¢FF!Pc"
"2012-01-02","16","13","Oo","IT3ODo!PcIo","I¢FF!Pc"
"2012-01-03","16","13","Oo~D!Oe","IT3ODo!PcIo","I¢FF!Pc"
"2012-01-04","13","11","OoOe","IT3ODo!PcIo","I¢FF!Pc"
"2012-01-05","14","10","OoOe","IT3ODo!PcIo","I¢FF!Pc"
"2012-01-06","17","14","D!Oe","IT3ODo!PcIo","I¢FF!Pc"
"2012-01-07","19","17","OoOe","IT3ODo!PcIo","I¢FF!Pc"
"2012-01-08","22","17","D!Oe","IT3ODo!PcIo","I¢FF!Pc"
"2012-01-09","20","16","aOA","IT3ODo!PcIo","I¢FF!Pc"
"2012-01-10","20","14","OoOe","IT3ODo!PcIo","I¢FF!Pc"
"2012-01-11","20","13","Oo","IT3ODo!PcIo","I¢FF!Pc"
"2012-01-12","18","16","Oo","IT3ODo!PcIo","I¢FF!Pc"
"2012-01-13","19","16","D!Oe","IT3ODo!PcIo","I¢FF!Pc"
"2012-01-14","22","17","D!Oe","IT3ODo!PcIo","I¢FF!Pc"
"2012-01-15","24","15","ODOe~!|oOe","IT3ODo!PcIo","I¢FF!Pc"
"2012-01-16","23","14","D!Oe","IT3ODo!PcIo","I¢FF!Pc"
"2012-01-17","20","15","D!Oe","IT3ODo!PcIo","I¢FF!Pc"
"2012-01-18","18","16","aOA~D!Oe","IT3ODo!PcIo","I¢FF!Pc"
"2012-01-19","22","14","D!Oe~Oo","IT3ODo!PcIo","I¢FF!Pc"
"2012-01-20","18","15","D!Oe~Oo","IT3ODo!PcIo","I¢FF!Pc"
"2012-01-21","19","13","D!Oe","IT3ODo!PcIo","I¢FF!Pc"
"2012-01-22","18","11","D!Oe~ODOe","IT3ODo!PcIo","I¢FF!Pc"
"2012-01-23","16","11","D!Oe","IT3ODo!PcIo","I¢FF!Pc"
"2012-01-24","14","9","D!Oe","IT3ODo!PcIo","I¢FF!Pc"
"2012-01-25","17","11","D!Oe","IT3ODo!PcIo","I¢FF!Pc"
"2012-01-26","15","13","D!Oe~aOA","IT3ODo!PcIo","I¢FF!Pc"
"2012-01-27","17","14","Oo~aOA","IT3ODo!PcIo","I¢FF!Pc"
"2012-01-28","21","13","Oo~D!Oe","IT3ODo!PcIo","I¢FF!Pc"
"2012-01-29","21","12","D!Oe","IT3ODo!PcIo","I¢FF!Pc"
"2012-01-30","19","12","D!Oe","IT3ODo!PcIo","I¢FF!Pc"
"2012-01-31","19","12","Oo","IT3ODo!PcIo","I¢FF!Pc"
"EOAU","!Ni!MsAoIA","!Ni¢GgIAoIA","IiAo","!PcIo","!PcA|"
"2013-01-01","21","15","D!Oe","OYITE¢Ggo","D!OU3"
"2013-01-02","17","15","ODOe!NaD!Oe","OYITE¢Ggo","D!OU3"
"2013-01-03","19","13","D!Oe","OYITE¢Ggo","D!OU3"
"2013-01-04","19","14","D!Oe","OYITE¢Ggo","D!OU3"
"2013-01-05","20","15","D!Oe","OYITE¢Ggo","D!OU3"
"2013-01-06","22","15","D!Oe","OYITE¢Ggo","D!OU3"
"2013-01-07","20","16","D!Oe","OYITE¢Ggo","D!OU3"
"2013-01-08","16","14","ODOe","OYITE¢Ggo","D!OU3"
"2013-01-09","16","13","D!Oe!NaODOe","OYITE¢Ggo","D!OU3"
"2013-01-10","20","13","Oo!NaD!Oe","OYITE¢Ggo","D!OU3"
"2013-01-11","20","14","ODOe!NaD!Oe","OYITE¢Ggo","D!OU3"
"2013-01-12","20","17","ODOe!NaD!Oe","OYITE¢Ggo","D!OU3"
"2013-01-13","15","12","D!Oe","OYITE¢Ggo","D!OU3"
"2013-01-14","19","10","aOA","OYITE¢Ggo","D!OU3"
"2013-01-15","17","9","Cc!NaD!Oe","OYITE¢Ggo","D!OU3"
"2013-01-16","13","11","D!Oe","OYITE¢Ggo","D!OU3"
"2013-01-17","14","8","Oo","OYITE¢Ggo","D!OU3"
"2013-01-18","20","9","Oo!NaaOA","OYITE¢Ggo","D!OU3"
"2013-01-19","22","11","aOA","OYITE¢Ggo","D!OU3"
"2013-01-20","23","14","Cc!NaD!Oe","OYITE¢Ggo","D!OU3"
"2013-01-21","20","15","aOA","OYITE¢Ggo","D!OU3"
"2013-01-22","20","15","D!Oe","OYITE¢Ggo","D!OU3"
"2013-01-23","21","13","D!Oe!NaaOA","OYITE¢Ggo","D!OU3"
"2013-01-24","16","13","D!Oe","OYITE¢Ggo","D!OU3"
"2013-01-25","19","13","aOA!NaOo","OYITE¢Ggo","D!OU3"
"2013-01-26","19","11","Oo!NaD!Oe","OYITE¢Ggo","D!OU3"
"2013-01-27","18","11","D!Oe!NaOo","OYITE¢Ggo","D!OU3"
"2013-01-28","20","11","aOA","OYITE¢Ggo","D!OU3"
"2013-01-29","20","11","Cc","OYITE¢Ggo","D!OU3"
"2013-01-30","23","12","aOA!NaCc","OYITE¢Ggo","D!OU3"
"2013-01-31","25","15","aOA","OYITE¢Ggo","D!OU3"
"EOAU","!Ni!MsAoIA","!Ni¢GgIAoIA","IiAo","!PcIo","!PcA|"
"2011-02-01","16","10","Oo","IT3ODo!PcIo","I¢FF!Pc"
"2011-02-02","20","13","OoOe","IT3ODo!PcIo","I¢FF!Pc"
"2011-02-03","20","15","aOA","IT3ODo!PcIo","I¢FF!Pc"
"2011-02-04","22","14","Cc~aOA","IT3ODo!PcIo","I¢FF!Pc"
"2011-02-05","21","15","aOA","IT3ODo!PcIo","I¢FF!Pc"
"2011-02-06","25","14","aOA~Cc","IT3ODo!PcIo","I¢FF!Pc"
"2011-02-07","24","14","Cc","IT3ODo!PcIo","I¢FF!Pc"
"2011-02-08","26","17","aOA","IT3ODo!PcIo","I¢FF!Pc"
"2011-02-09","25","15","Cc~aOA","IT3ODo!PcIo","I¢FF!Pc"
"2011-02-10","22","15","OoOe","IT3ODo!PcIo","I¢FF!Pc"
"2011-02-11","15","10","D!Oe","IT3ODo!PcIo","I¢FF!Pc"
"2011-02-12","14","11","OoOe","IT3ODo!PcIo","I¢FF!Pc"
"2011-02-13","15","11","OoOe","IT3ODo!PcIo","I¢FF!Pc"
"2011-02-14","13","10","D!Oe","IT3ODo!PcIo","I¢FF!Pc"
"2011-02-15","15","10","D!Oe","IT3ODo!PcIo","I¢FF!Pc"
"2011-02-16","20","15","D!Oe","IT3ODo!PcIo","I¢FF!Pc"
"2011-02-17","22","15","OoOe","IT3ODo!PcIo","I¢FF!Pc"
"2011-02-18","18","15","OoOe","IT3ODo!PcIo","I¢FF!Pc"
"2011-02-19","19","14","D!Oe","IT3ODo!PcIo","I¢FF!Pc"
"2011-02-20","16","14","D!Oe","IT3ODo!PcIo","I¢FF!Pc"
"2011-02-21","17","14","D!Oe","IT3ODo!PcIo","I¢FF!Pc"
"2011-02-22","19","15","aOA","IT3ODo!PcIo","I¢FF!Pc"
"2011-02-23","22","15","Oo","IT3ODo!PcIo","I¢FF!Pc"
"2011-02-24","21","16","aOA","IT3ODo!PcIo","I¢FF!Pc"
"2011-02-25","22","16","D!Oe","IT3ODo!PcIo","I¢FF!Pc"
"2011-02-26","26","18","aOA","IT3ODo!PcIo","I¢FF!Pc"
"2011-02-27","28","18","aOA","IT3ODo!PcIo","I¢FF!Pc"
"2011-02-28","27","18","aOA","IT3ODo!PcIo","I¢FF!Pc"
"EOAU","!Ni!MsAoIA","!Ni¢GgIAoIA","IiAo","!PcIo","!PcA|"
"2012-02-01","17","9","Oo~D!Oe","IT3ODo!PcIo","I¢FF!Pc"
"2012-02-02","14","9","D!Oe","IT3ODo!PcIo","I¢FF!Pc"
"2012-02-03","16","13","Oo~D!Oe","IT3ODo!PcIo","I¢FF!Pc"
"2012-02-04","17","15","D!Oe","IT3ODo!PcIo","I¢FF!Pc"
"2012-02-05","21","14","D!Oe","IT3ODo!PcIo","I¢FF!Pc"
"2012-02-06","23","9","aOA~ODOe","IT3ODo!PcIo","I¢FF!Pc"
"2012-02-07","25","9","!|oOe~D!Oe","IT3ODo!PcIo","I¢FF!Pc"
"2012-02-08","14","11","D!Oe","IT3ODo!PcIo","I¢FF!Pc"
"2012-02-09","14","12","Oo~D!Oe","IT3ODo!PcIo","I¢FF!Pc"
"2012-02-10","17","15","D!Oe","IT3ODo!PcIo","I¢FF!Pc"
"2012-02-11","22","15","D!Oe~Oo","IT3ODo!PcIo","I¢FF!Pc"
"2012-02-12","19","17","Oo","IT3ODo!PcIo","I¢FF!Pc"
"2012-02-13","24","19","Oo~D!Oe","IT3ODo!PcIo","I¢FF!Pc"
"2012-02-14","24","18","Oo~D!Oe","IT3ODo!PcIo","I¢FF!Pc"
"2012-02-15","26","14","D!Oe","IT3ODo!PcIo","I¢FF!Pc"
"2012-02-16","16","15","D!Oe","IT3ODo!PcIo","I¢FF!Pc"
"2012-02-17","14","10","OoOe","IT3ODo!PcIo","I¢FF!Pc"
"2012-02-18","16","11","D!Oe~Oo","IT3ODo!PcIo","I¢FF!Pc"
"2012-02-19","24","18","Oo~D!Oe","IT3ODo!PcIo","I¢FF!Pc"
"2012-02-20","19","15","D!Oe~Oo","IT3ODo!PcIo","I¢FF!Pc"
"2012-02-21","21","19","Oo~D!Oe","IT3ODo!PcIo","I¢FF!Pc"
"2012-02-22","25","18","D!Oe~Oo","IT3ODo!PcIo","I¢FF!Pc"
"2012-02-23","26","15","D!Oe","IT3ODo!PcIo","I¢FF!Pc"
"2012-02-24","25","14","D!Oe","IT3ODo!PcIo","I¢FF!Pc"
"2012-02-25","23","11","D!Oe","IT3ODo!PcIo","I¢FF!Pc"
"2012-02-26","20","12","D!Oe","IT3ODo!PcIo","I¢FF!Pc"
"2012-02-27","17","14","D!Oe","IT3ODo!PcIo","I¢FF!Pc"
"2012-02-28","18","16","D!Oe","IT3ODo!PcIo","I¢FF!Pc"
"2012-02-29","19","17","D!Oe~Cc","IT3ODo!PcIo","I¢FF!Pc"
"EOAU","!Ni!MsAoIA","!Ni¢GgIAoIA","IiAo","!PcIo","!PcA|"
"2013-02-01","22","15","Oo","OYITE¢Ggo","D!OU3"
"2013-02-02","26","19","D!Oe","OYITE¢Ggo","D!OU3"
"2013-02-03","26","19","Cc!NaD!Oe","OYITE¢Ggo","D!OU3"
"2013-02-04","27","19","Oo!NaD!Oe","OYITE¢Ggo","D!OU3"
"2013-02-05","21","18","D!Oe!NaOo","OYITE¢Ggo","D!OU3"
"2013-02-06","22","17","aOA!NaD!Oe","OYITE¢Ggo","D!OU3"
"2013-02-07","17","15","D!Oe!NaODOe","OYITE¢Ggo","D!OU3"
"2013-02-08","17","13","D!Oe","OYITE¢Ggo","D!OU3"
"2013-02-09","19","14","D!Oe","OYITE¢Ggo","D!OU3"
"2013-02-10","22","14","D!Oe","OYITE¢Ggo","D!OU3"
"2013-02-11","23","15","D!Oe","OYITE¢Ggo","D!OU3"
"2013-02-12","20","14","D!Oe","OYITE¢Ggo","D!OU3"
"2013-02-13","25","14","D!Oe!NaaOA","OYITE¢Ggo","D!OU3"
"2013-02-14","21","18","D!Oe","OYITE¢Ggo","D!OU3"
"2013-02-15","21","14","D!Oe!NaOo","OYITE¢Ggo","D!OU3"
"2013-02-16","24","14","D!Oe!NaaOA","OYITE¢Ggo","D!OU3"
"2013-02-17","27","18","Cc!NaaOA","OYITE¢Ggo","D!OU3"
"2013-02-18","23","19","D!Oe","OYITE¢Ggo","D!OU3"
"2013-02-19","20","14","D!Oe","OYITE¢Ggo","D!OU3"
"2013-02-20","22","13","D!Oe","OYITE¢Ggo","D!OU3"
"2013-02-21","21","16","D!Oe","OYITE¢Ggo","D!OU3"
"2013-02-22","20","16","D!Oe","OYITE¢Ggo","D!OU3"
"2013-02-23","21","15","D!Oe","OYITE¢Ggo","D!OU3"
"2013-02-24","25","17","Cc!NaD!Oe","OYITE¢Ggo","D!OU3"
"2013-02-25","27","19","Cc!NaD!Oe","OYITE¢Ggo","D!OU3"
"2013-02-26","21","19","ODOe!NaD!Oe","OYITE¢Ggo","D!OU3"
"2013-02-27","24","17","D!Oe","OYITE¢Ggo","D!OU3"
"2013-02-28","27","17","Cc!NaD!Oe","OYITE¢Ggo","D!OU3"
"EOAU","!Ni!MsAoIA","!Ni¢GgIAoIA","IiAo","!PcIo","!PcA|"
"2011-03-01","22","15","D!Oe","IT3ODo!PcIo","I¢FF!Pc"
"2011-03-02","16","13","Oo","IT3ODo!PcIo","I¢FF!Pc"
"2011-03-03","16","13","OoOe","IT3ODo!PcIo","I¢FF!Pc"
"2011-03-04","16","14","D!Oe","IT3ODo!PcIo","I¢FF!Pc"
"2011-03-05","20","14","aOA","IT3ODo!PcIo","I¢FF!Pc"
"2011-03-06","26","13","aOA","IT3ODo!PcIo","I¢FF!Pc"
"2011-03-07","16","12","D!Oe","IT3ODo!PcIo","I¢FF!Pc"
"2011-03-08","17","13","Oo","IT3ODo!PcIo","I¢FF!Pc"
"2011-03-09","19","14","Oo","IT3ODo!PcIo","I¢FF!Pc"
"2011-03-10","18","15","D!Oe","IT3ODo!PcIo","I¢FF!Pc"
"2011-03-11","19","15","D!Oe","IT3ODo!PcIo","I¢FF!Pc"
"2011-03-12","20","16","D!Oe~Oo","IT3ODo!PcIo","I¢FF!Pc"
"2011-03-13","23","16","aOA","IT3ODo!PcIo","I¢FF!Pc"
"2011-03-14","25","11","D!Oe","IT3ODo!PcIo","I¢FF!Pc"
"2011-03-15","18","11","OoOe","IT3ODo!PcIo","I¢FF!Pc"
"2011-03-16","14","10","Oo","IT3ODo!PcIo","I¢FF!Pc"
"2011-03-17","17","13","Oo","IT3ODo!PcIo","I¢FF!Pc"
"2011-03-18","20","16","D!Oe","IT3ODo!PcIo","I¢FF!Pc"
"2011-03-19","22","17","OoOe","IT3ODo!PcIo","I¢FF!Pc"
"2011-03-20","25","17","D!Oe~Oo","IT3ODo!PcIo","I¢FF!Pc"
"2011-03-21","30","17","Oo~D!Oe","IT3ODo!PcIo","I¢FF!Pc"
"2011-03-22","19","13","OoOe","IT3ODo!PcIo","I¢FF!Pc"
"2011-03-23","16","14","D!Oe","IT3ODo!PcIo","I¢FF!Pc"
"2011-03-24","18","14","Oo","IT3ODo!PcIo","I¢FF!Pc"
"2011-03-25","16","13","D!Oe","IT3ODo!PcIo","I¢FF!Pc"
"2011-03-26","16","13","OoOe","IT3ODo!PcIo","I¢FF!Pc"
"2011-03-27","14","13","D!Oe","IT3ODo!PcIo","I¢FF!Pc"
"2011-03-28","16","12","D!Oe","IT3ODo!PcIo","I¢FF!Pc"
"2011-03-29","19","14","aOA","IT3ODo!PcIo","I¢FF!Pc"
"2011-03-30","22","13","aOA~Cc","IT3ODo!PcIo","I¢FF!Pc"
"2011-03-31","22","15","aOA","IT3ODo!PcIo","I¢FF!Pc"
"EOAU","!Ni!MsAoIA","!Ni¢GgIAoIA","IiAo","!PcIo","!PcA|"
"2012-03-01","19","17","D!Oe~Cc","IT3ODo!PcIo","I¢FF!Pc"
"2012-03-02","24","18","D!Oe","IT3ODo!PcIo","I¢FF!Pc"
"2012-03-03","26","19","D!Oe","IT3ODo!PcIo","I¢FF!Pc"
"2012-03-04","25","19","aOA~Oo","IT3ODo!PcIo","I¢FF!Pc"
"2012-03-05","26","19","aOA~D!Oe","IT3ODo!PcIo","I¢FF!Pc"
"2012-03-06","28","19","D!Oe~ODOe","IT3ODo!PcIo","I¢FF!Pc"
"2012-03-07","26","19","D!Oe","IT3ODo!PcIo","I¢FF!Pc"
"2012-03-08","24","17","D!Oe","IT3ODo!PcIo","I¢FF!Pc"
"2012-03-09","23","14","D!Oe","IT3ODo!PcIo","I¢FF!Pc"
"2012-03-10","20","14","D!Oe","IT3ODo!PcIo","I¢FF!Pc"
"2012-03-11","19","14","D!Oe","IT3ODo!PcIo","I¢FF!Pc"
"2012-03-12","18","16","D!Oe","IT3ODo!PcIo","I¢FF!Pc"
"2012-03-13","18","16","D!Oe~Oo","IT3ODo!PcIo","I¢FF!Pc"
"2012-03-14","20","16","OoOe","IT3ODo!PcIo","I¢FF!Pc"
"2012-03-15","24","19","D!Oe~aOA","IT3ODo!PcIo","I¢FF!Pc"
"2012-03-16","26","17","aOA","IT3ODo!PcIo","I¢FF!Pc"
"2012-03-17","28","17","OoOe~aOA","IT3ODo!PcIo","I¢FF!Pc"
"2012-03-18","28","20","D!Oe","IT3ODo!PcIo","I¢FF!Pc"
"2012-03-19","29","19","D!Oe","IT3ODo!PcIo","I¢FF!Pc"
"2012-03-20","27","18","D!Oe","IT3ODo!PcIo","I¢FF!Pc"
"2012-03-21","24","18","D!Oe","IT3ODo!PcIo","I¢FF!Pc"
"2012-03-22","22","15","aOA~Cc","IT3ODo!PcIo","I¢FF!Pc"
"2012-03-23","27","11","D!Oe","IT3ODo!PcIo","I¢FF!Pc"
"2012-03-24","16","13","OoOe~aOA","IT3ODo!PcIo","I¢FF!Pc"
"2012-03-25","17","15","aOA~Cc","IT3ODo!PcIo","I¢FF!Pc"
"2012-03-26","23","14","Cc~aOA","IT3ODo!PcIo","I¢FF!Pc"
"2012-03-27","22","16","D!Oe","IT3ODo!PcIo","I¢FF!Pc"
"2012-03-28","24","17","aOA","IT3ODo!PcIo","I¢FF!Pc"
"2012-03-29","25","18","aOA~Cc","IT3ODo!PcIo","I¢FF!Pc"
"2012-03-30","27","17","aOA~ODOe","IT3ODo!PcIo","I¢FF!Pc"
"2012-03-31","22","15","D!Oe~Oo","IT3ODo!PcIo","I¢FF!Pc"
"EOAU","!Ni!MsAoIA","!Ni¢GgIAoIA","IiAo","!PcIo","!PcA|"
"2013-03-01","16","14","D!Oe!NaODOe","OYITE¢Ggo","D!OU3"
"2013-03-02","16","12","D!Oe","OYITE¢Ggo","D!OU3"
"2013-03-03","17","9","Cc","OYITE¢Ggo","D!OU3"
"2013-03-04","20","11","Cc!NaOo","OYITE¢Ggo","D!OU3"
"2013-03-05","22","14","aOA!NaOo","OYITE¢Ggo","D!OU3"
"2013-03-06","23","15","Cc","OYITE¢Ggo","D!OU3"
"2013-03-07","25","12","Cc","OYITE¢Ggo","D!OU3"
"2013-03-08","25","15","Cc","OYITE¢Ggo","D!OU3"
"2013-03-09","26","15","Cc!NaaOA","OYITE¢Ggo","D!OU3"
"2013-03-10","22","16","Oo","OYITE¢Ggo","D!OU3"
"2013-03-11","27","16","aOA","OYITE¢Ggo","D!OU3"
"2013-03-12","29","17","Cc!NaD!Oe","OYITE¢Ggo","D!OU3"
"2013-03-13","18","15","Oo!NaD!Oe","OYITE¢Ggo","D!OU3"
"2013-03-14","21","14","D!Oe","OYITE¢Ggo","D!OU3"
"2013-03-15","25","16","aOA!NaD!Oe","OYITE¢Ggo","D!OU3"
"2013-03-16","26","18","Cc!NaaOA","OYITE¢Ggo","D!OU3"
"2013-03-17","28","18","Cc!NaD!Oe","OYITE¢Ggo","D!OU3"
"2013-03-18","26","20","Oo!NaD!Oe","OYITE¢Ggo","D!OU3"
"2013-03-19","31","20","aOA!NaD!Oe","OYITE¢Ggo","D!OU3"
"2013-03-20","23","17","D!Oe!NaODOe","OYITE¢Ggo","D!OU3"
"2013-03-21","27","19","D!Oe!NaaOA","OYITE¢Ggo","D!OU3"
"2013-03-22","29","20","Cc!NaD!Oe","OYITE¢Ggo","D!OU3"
"2013-03-23","30","22","D!Oe","OYITE¢Ggo","D!OU3"
"2013-03-24","20","17","D!Oe!NaOo","OYITE¢Ggo","D!OU3"
"2013-03-25","26","16","Oo!NaD!Oe","OYITE¢Ggo","D!OU3"
"2013-03-26","25","19","ODOe!NaD!Oe","OYITE¢Ggo","D!OU3"
"2013-03-27","25","17","aOA!Na!|oOe","OYITE¢Ggo","D!OU3"
"2013-03-28","22","20","ODOe!NaD!Oe","OYITE¢Ggo","D!OU3"
"2013-03-29","25","18","D!Oe!NaODOe","OYITE¢Ggo","D!OU3"
"2013-03-30","24","19","D!Oe!NaODOe","OYITE¢Ggo","D!OU3"
"2013-03-31","26","19","D!Oe!Na!|oOe","OYITE¢Ggo","D!OU3"
"EOAU","!Ni!MsAoIA","!Ni¢GgIAoIA","IiAo","!PcIo","!PcA|"
"2011-04-01","25","17","Oo","IT3ODo!PcIo","I¢FF!Pc"
"2011-04-02","28","17","aOA","IT3ODo!PcIo","I¢FF!Pc"
"2011-04-03","25","15","aOA~OoOe","IT3ODo!PcIo","I¢FF!Pc"
"2011-04-04","18","14","D!Oe","IT3ODo!PcIo","I¢FF!Pc"
"2011-04-05","17","14","Oo","IT3ODo!PcIo","I¢FF!Pc"
"2011-04-06","23","17","aOA","IT3ODo!PcIo","I¢FF!Pc"
"2011-04-07","27","17","aOA","IT3ODo!PcIo","I¢FF!Pc"
"2011-04-08","26","16","aOA","IT3ODo!PcIo","I¢FF!Pc"
"2011-04-09","24","18","Oo","IT3ODo!PcIo","I¢FF!Pc"
"2011-04-10","27","18","Cc~aOA","IT3ODo!PcIo","I¢FF!Pc"
"2011-04-11","25","15","aOA~Oo","IT3ODo!PcIo","I¢FF!Pc"
"2011-04-12","22","15","aOA","IT3ODo!PcIo","I¢FF!Pc"
"2011-04-13","27","18","aOA","IT3ODo!PcIo","I¢FF!Pc"
"2011-04-14","28","19","Oo~aOA","IT3ODo!PcIo","I¢FF!Pc"
"2011-04-15","30","20","aOA~OoOe","IT3ODo!PcIo","I¢FF!Pc"
"2011-04-16","29","19","aOA","IT3ODo!PcIo","I¢FF!Pc"
"2011-04-17","21","16","D!Oe","IT3ODo!PcIo","I¢FF!Pc"
"2011-04-18","21","16","OoOe~aOA","IT3ODo!PcIo","I¢FF!Pc"
"2011-04-19","25","16","Cc","IT3ODo!PcIo","I¢FF!Pc"
"2011-04-20","27","17","aOA","IT3ODo!PcIo","I¢FF!Pc"
"2011-04-21","29","19","aOA","IT3ODo!PcIo","I¢FF!Pc"
"2011-04-22","28","18","D!Oe","IT3ODo!PcIo","I¢FF!Pc"
"2011-04-23","22","18","OoOe~Oo","IT3ODo!PcIo","I¢FF!Pc"
"2011-04-24","26","17","Cc~aOA","IT3ODo!PcIo","I¢FF!Pc"
"2011-04-25","31","20","aOA","IT3ODo!PcIo","I¢FF!Pc"
"2011-04-26","29","18","aOA","IT3ODo!PcIo","I¢FF!Pc"
"2011-04-27","30","18","Oo","IT3ODo!PcIo","I¢FF!Pc"
"2011-04-28","27","19","aOA","IT3ODo!PcIo","I¢FF!Pc"
"2011-04-29","29","22","Oo~OoOe","IT3ODo!PcIo","I¢FF!Pc"
"2011-04-30","29","22","aOA~OoOe","IT3ODo!PcIo","I¢FF!Pc"
"EOAU","!Ni!MsAoIA","!Ni¢GgIAoIA","IiAo","!PcIo","!PcA|"
"2012-04-02","27","22","ODOe","OYITE¢Ggo","D!OU3"
"2012-04-03","29","20","ODOe","OYITE¢Ggo","D!OU3"
"2012-04-04","26","23","ODOe","OYITE¢Ggo","D!OU3"
"2012-04-05","27","22","ODOe","OYITE¢Ggo","D!OU3"
"2012-04-06","28","21","ODOe","OYITE¢Ggo","D!OU3"
"2012-04-07","29","20","ODOe","OYITE¢Ggo","D!OU3"
"2012-04-08","29","20","ODOe","OYITE¢Ggo","D!OU3"
"2012-04-09","28","21","ODOe","OYITE¢Ggo","D!OU3"
"2012-04-10","29","20","ODOe","OYITE¢Ggo","D!OU3"
"2012-04-11","26","23","ODOe","OYITE¢Ggo","D!OU3"
"2012-04-12","28","21","ODOe","OYITE¢Ggo","D!OU3"
"2012-04-13","26","23","ODOe","OYITE¢Ggo","D!OU3"
"2012-04-14","28","21","ODOe","OYITE¢Ggo","D!OU3"
"2012-04-15","28","21","ODOe","OYITE¢Ggo","D!OU3"
"2012-04-16","27","22","ODOe","OYITE¢Ggo","D!OU3"
"2012-04-17","28","21","ODOe","OYITE¢Ggo","D!OU3"
"2012-04-18","28","21","ODOe","OYITE¢Ggo","D!OU3"
"2012-04-19","29","20","ODOe","OYITE¢Ggo","D!OU3"
"2012-04-20","27","22","ODOe","OYITE¢Ggo","D!OU3"
"2012-04-21","28","21","ODOe","OYITE¢Ggo","D!OU3"
"2012-04-22","27","22","ODOe","OYITE¢Ggo","D!OU3"
"2012-04-23","27","22","ODOe","OYITE¢Ggo","D!OU3"
"2012-04-24","26","23","ODOe","OYITE¢Ggo","D!OU3"
"2012-04-25","27","22","ODOe","OYITE¢Ggo","D!OU3"
"2012-04-26","26","23","ODOe","OYITE¢Ggo","D!OU3"
"2012-04-27","28","21","ODOe","OYITE¢Ggo","D!OU3"
"2012-04-28","28","24","D!Oe","OYITE¢Ggo","D!OU3"
"2012-04-29","29","23","ODOe","OYITE¢Ggo","D!OU3"
"2012-04-30","31","24","D!Oe!NaOo","OYITE¢Ggo","D!OU3"
"EOAU","!Ni!MsAoIA","!Ni¢GgIAoIA","IiAo","!PcIo","!PcA|"
"2013-04-01","24","20","D!Oe!Na!|oOe","OYITE¢Ggo","D!OU3"
"2013-04-02","22","17","D!Oe!Na!|oOe","OYITE¢Ggo","D!OU3"
"2013-04-03","24","18","D!Oe!Na!OcOe","OYITE¢Ggo","D!OU3"
"2013-04-04","26","21","D!Oe!NaODOe","OYITE¢Ggo","D!OU3"
"2013-04-05","24","22","!|oOe!NaODOe","OYITE¢Ggo","D!OU3"
"2013-04-06","18","12","D!Oe!NaaOA","OYITE¢Ggo","D!OU3"
"2013-04-07","23","14","Cc!NaD!Oe","OYITE¢Ggo","D!OU3"
"2013-04-08","24","19","D!Oe!NaODOe","OYITE¢Ggo","D!OU3"
"2013-04-09","20","18","D!Oe","OYITE¢Ggo","D!OU3"
"2013-04-10","21","16","D!Oe","OYITE¢Ggo","D!OU3"
"2013-04-11","19","17","D!Oe","OYITE¢Ggo","D!OU3"
"2013-04-12","22","16","aOA!NaD!Oe","OYITE¢Ggo","D!OU3"
"2013-04-13","24","19","D!Oe!NaaOA","OYITE¢Ggo","D!OU3"
"2013-04-14","25","17","Cc!NaaOA","OYITE¢Ggo","D!OU3"
"2013-04-15","28","19","aOA!NaOo","OYITE¢Ggo","D!OU3"
"2013-04-16","30","21","Oo!NaD!Oe","OYITE¢Ggo","D!OU3"
"2013-04-17","30","25","D!Oe","OYITE¢Ggo","D!OU3"
"2013-04-18","25","22","D!Oe","OYITE¢Ggo","D!OU3"
"2013-04-19","27","20","D!Oe!NaODOe","OYITE¢Ggo","D!OU3"
"2013-04-20","19","17","D!Oe","OYITE¢Ggo","D!OU3"
"2013-04-21","24","16","D!Oe!NaaOA","OYITE¢Ggo","D!OU3"
"2013-04-22","28","19","aOA!NaOo","OYITE¢Ggo","D!OU3"
"2013-04-23","30","21","Oo","OYITE¢Ggo","D!OU3"
"2013-04-24","25","22","ODOe","OYITE¢Ggo","D!OU3"
"2013-04-25","23","20","D!Oe","OYITE¢Ggo","D!OU3"
"2013-04-26","24","19","Oo!NaD!Oe","OYITE¢Ggo","D!OU3"
"2013-04-27","27","20","Cc!NaODOe","OYITE¢Ggo","D!OU3"
"2013-04-28","29","21","Cc!NaD!Oe","OYITE¢Ggo","D!OU3"
"2013-04-29","30","22","Oo!NaD!Oe","OYITE¢Ggo","D!OU3"
"2013-04-30","21","19","!OcOe!NaD!Oe","OYITE¢Ggo","D!OU3"
"EOAU","!Ni!MsAoIA","!Ni¢GgIAoIA","IiAo","!PcIo","!PcA|"
"2011-05-01","29","22","OoOe","IT3ODo!PcIo","I¢FF!Pc"
"2011-05-02","28","21","D!Oe","IT3ODo!PcIo","I¢FF!Pc"
"2011-05-03","27","21","OoOe","IT3ODo!PcIo","I¢FF!Pc"
"2011-05-04","25","20","OoOe","IT3ODo!PcIo","I¢FF!Pc"
"2011-05-05","26","20","OoOe","IT3ODo!PcIo","I¢FF!Pc"
"2011-05-06","30","22","aOA","IT3ODo!PcIo","I¢FF!Pc"
"2011-05-07","30","22","Oo","IT3ODo!PcIo","I¢FF!Pc"
"2011-05-08","33","22","aOA","IT3ODo!PcIo","I¢FF!Pc"
"2011-05-09","33","24","aOA~Oo","IT3ODo!PcIo","I¢FF!Pc"
"2011-05-10","34","24","Cc~aOA","IT3ODo!PcIo","I¢FF!Pc"
"2011-05-11","35","25","aOA","IT3ODo!PcIo","I¢FF!Pc"
"2011-05-12","31","20","D!Oe","IT3ODo!PcIo","I¢FF!Pc"
"2011-05-13","26","21","OoOe","IT3ODo!PcIo","I¢FF!Pc"
"2011-05-14","25","21","OoOe","IT3ODo!PcIo","I¢FF!Pc"
"2011-05-15","25","20","OoOe","IT3ODo!PcIo","I¢FF!Pc"
"2011-05-16","23","20","OoOe","IT3ODo!PcIo","I¢FF!Pc"
"2011-05-17","23","21","D!Oe","IT3ODo!PcIo","I¢FF!Pc"
"2011-05-18","29","21","Oo","IT3ODo!PcIo","I¢FF!Pc"
"2011-05-19","32","23","aOA","IT3ODo!PcIo","I¢FF!Pc"
"2011-05-20","30","23","OoOe~aOA","IT3ODo!PcIo","I¢FF!Pc"
"2011-05-21","31","23","OoOe","IT3ODo!PcIo","I¢FF!Pc"
"2011-05-22","32","23","OoOe","IT3ODo!PcIo","I¢FF!Pc"
"2011-05-23","30","22","OoOe","IT3ODo!PcIo","I¢FF!Pc"
"2011-05-24","26","21","OoOe","IT3ODo!PcIo","I¢FF!Pc"
"2011-05-25","26","21","aOA","IT3ODo!PcIo","I¢FF!Pc"
"2011-05-26","28","22","aOA","IT3ODo!PcIo","I¢FF!Pc"
"2011-05-27","29","20","D!Oe","IT3ODo!PcIo","I¢FF!Pc"
"2011-05-28","25","20","OoOe","IT3ODo!PcIo","I¢FF!Pc"
"2011-05-29","28","20","Cc~aOA","IT3ODo!PcIo","I¢FF!Pc"
"2011-05-30","31","22","Cc~aOA","IT3ODo!PcIo","I¢FF!Pc"
"2011-05-31","33","22","aOA","IT3ODo!PcIo","I¢FF!Pc"
"EOAU","!Ni!MsAoIA","!Ni¢GgIAoIA","IiAo","!PcIo","!PcA|"
"2012-05-01","31","25","D!Oe!NaODOe","OYITE¢Ggo","D!OU3"
"2012-05-02","27","22","!|oOe","OYITE¢Ggo","D!OU3"
"2012-05-03","25","22","!|oOe","OYITE¢Ggo","D!OU3"
"2012-05-04","25","20","Oo!NaOoOe","OYITE¢Ggo","D!OU3"
"2012-05-05","30","21","aOA","OYITE¢Ggo","D!OU3"
"2012-05-06","29","20","Cc!NaaOA","OYITE¢Ggo","D!OU3"
"2012-05-07","33","23","aOA!NaA!NOoOe","OYITE¢Ggo","D!OU3"
"2012-05-08","32","23","aOA!NaA!NOoOe","OYITE¢Ggo","D!OU3"
"2012-05-09","26","22","D!Oe","OYITE¢Ggo","D!OU3"
"2012-05-10","26","22","ODOe!NaD!Oe","OYITE¢Ggo","D!OU3"
"2012-05-11","29","21","aOA","OYITE¢Ggo","D!OU3"
"2012-05-12","30","24","D!Oe!NaODOe","OYITE¢Ggo","D!OU3"
"2012-05-13","31","23","D!Oe","OYITE¢Ggo","D!OU3"
"2012-05-14","30","24","D!Oe","OYITE¢Ggo","D!OU3"
"2012-05-15","28","24","D!Oe!NaODOe","OYITE¢Ggo","D!OU3"
"2012-05-16","26","24","!|oOe!NaODOe","OYITE¢Ggo","D!OU3"
"2012-05-17","28","24","OoOe!NaA!NOoOe","OYITE¢Ggo","D!OU3"
"2012-05-18","27","23","A!NOoOe","OYITE¢Ggo","D!OU3"
"2012-05-19","27","25","ODOe!Na!|oOe","OYITE¢Ggo","D!OU3"
"2012-05-20","27","21","aOA","OYITE¢Ggo","D!OU3"
"2012-05-21","26","21","D!Oe!NaOo","OYITE¢Ggo","D!OU3"
"2012-05-22","27","22","Oo","OYITE¢Ggo","D!OU3"
"2012-05-23","31","23","aOA","OYITE¢Ggo","D!OU3"
"2012-05-24","32","23","aOA","OYITE¢Ggo","D!OU3"
"2012-05-25","29","23","Oo!NaD!Oe","OYITE¢Ggo","D!OU3"
"2012-05-26","29","23","aOA!NaA!NOoOe","OYITE¢Ggo","D!OU3"
"2012-05-27","28","21","A!NOoOe","OYITE¢Ggo","D!OU3"
"2012-05-28","28","24","D!Oe!NaODOe","OYITE¢Ggo","D!OU3"
"2012-05-29","32","24","aOA!NaA!NOoOe","OYITE¢Ggo","D!OU3"
"2012-05-30","27","25","ODOe","OYITE¢Ggo","D!OU3"
"2012-05-31","28","23","D!Oe","OYITE¢Ggo","D!OU3"
"EOAU","!Ni!MsAoIA","!Ni¢GgIAoIA","IiAo","!PcIo","!PcA|"
"2013-05-01","22","17","D!Oe!NaOo","OYITE¢Ggo","D!OU3"
"2013-05-02","25","18","Oo!NaD!Oe","OYITE¢Ggo","D!OU3"
"2013-05-03","25","20","D!Oe!NaODOe","OYITE¢Ggo","D!OU3"
"2013-05-04","24","22","D!Oe","OYITE¢Ggo","D!OU3"
"2013-05-05","27","22","D!Oe","OYITE¢Ggo","D!OU3"
"2013-05-06","27","23","aOA!NaD!Oe","OYITE¢Ggo","D!OU3"
"2013-05-07","27","22","D!Oe!NaODOe","OYITE¢Ggo","D!OU3"
"2013-05-08","29","23","Oo!NaD!Oe","OYITE¢Ggo","D!OU3"
"2013-05-09","30","24","D!Oe!NaODOe","OYITE¢Ggo","D!OU3"
"2013-05-10","29","24","D!Oe!NaODOe","OYITE¢Ggo","D!OU3"
"2013-05-11","26","22","ODOe","OYITE¢Ggo","D!OU3"
"2013-05-12","28","23","D!Oe!NaODOe","OYITE¢Ggo","D!OU3"
"2013-05-13","30","23","aOA!NaD!Oe","OYITE¢Ggo","D!OU3"
"2013-05-14","28","24","D!Oe","OYITE¢Ggo","D!OU3"
"2013-05-15","30","25","D!Oe!NaODOe","OYITE¢Ggo","D!OU3"
"2013-05-16","30","25","ODOe!Na!|oOe","OYITE¢Ggo","D!OU3"
"2013-05-17","30","25","Oo!NaD!Oe","OYITE¢Ggo","D!OU3"
"2013-05-18","32","25","D!Oe!NaODOe","OYITE¢Ggo","D!OU3"
"2013-05-19","31","26","ODOe!Na!OcOe","OYITE¢Ggo","D!OU3"
"2013-05-20","29","24","ODOe!Na!|oOe","OYITE¢Ggo","D!OU3"
"2013-05-21","30","25","!|oOe!Na!OcOe","OYITE¢Ggo","D!OU3"
"2013-05-22","29","25","ODOe!Na!OcOe","OYITE¢Ggo","D!OU3"
"2013-05-23","29","24","D!Oe","OYITE¢Ggo","D!OU3"
"2013-05-24","28","23","aOA","OYITE¢Ggo","D!OU3"
"2013-05-25","29","23","D!Oe","OYITE¢Ggo","D!OU3"
"2013-05-26","31","24","aOA!NaD!Oe","OYITE¢Ggo","D!OU3"
"2013-05-27","30","25","Oo!NaD!Oe","OYITE¢Ggo","D!OU3"
"2013-05-28","30","24","Oo!NaODOe","OYITE¢Ggo","D!OU3"
"2013-05-29","31","24","D!Oe!NaODOe","OYITE¢Ggo","D!OU3"
"2013-05-30","30","24","Oo!NaaOA","OYITE¢Ggo","D!OU3"
"2013-05-31","33","24","aOA","OYITE¢Ggo","D!OU3"
"EOAU","!Ni!MsAoIA","!Ni¢GgIAoIA","IiAo","!PcIo","!PcA|"
"2011-06-01","28","22","A!NOoOe","IT3ODo!PcIo","I¢FF!Pc"
"2011-06-02","30","23","D!Oe","IT3ODo!PcIo","I¢FF!Pc"
"2011-06-03","30","23","OoOe","IT3ODo!PcIo","I¢FF!Pc"
"2011-06-04","31","24","aOA","IT3ODo!PcIo","I¢FF!Pc"
"2011-06-05","34","26","Cc~aOA","IT3ODo!PcIo","I¢FF!Pc"
"2011-06-06","35","26","aOA","IT3ODo!PcIo","I¢FF!Pc"
"2011-06-07","35","26","aOA","IT3ODo!PcIo","I¢FF!Pc"
"2011-06-08","35","26","aOA","IT3ODo!PcIo","I¢FF!Pc"
"2011-06-09","35","25","OoOe~aOA","IT3ODo!PcIo","I¢FF!Pc"
"2011-06-10","34","25","A!NOoOe","IT3ODo!PcIo","I¢FF!Pc"
"2011-06-11","34","25","OoOe","IT3ODo!PcIo","I¢FF!Pc"
"2011-06-12","33","26","OoOe~aOA","IT3ODo!PcIo","I¢FF!Pc"
"2011-06-13","35","26","aOA~OoOe","IT3ODo!PcIo","I¢FF!Pc"
"2011-06-14","35","26","OoOe","IT3ODo!PcIo","I¢FF!Pc"
"2011-06-15","35","26","OoOe","IT3ODo!PcIo","I¢FF!Pc"
"2011-06-16","35","27","aOA","IT3ODo!PcIo","I¢FF!Pc"
"2011-06-17","35","26","A!NOoOe~aOA","IT3ODo!PcIo","I¢FF!Pc"
"2011-06-18","35","26","aOA~OoOe","IT3ODo!PcIo","I¢FF!Pc"
"2011-06-19","35","26","aOA","IT3ODo!PcIo","I¢FF!Pc"
"2011-06-20","36","26","OoOe~aOA","IT3ODo!PcIo","I¢FF!Pc"
"2011-06-21","34","26","D!Oe~ODOe","IT3ODo!PcIo","I¢FF!Pc"
"2011-06-22","34","26","A!NOoOe","IT3ODo!PcIo","I¢FF!Pc"
"2011-06-23","35","26","aOA","IT3ODo!PcIo","I¢FF!Pc"
"2011-06-24","34","25","OoOe~!|oOe","IT3ODo!PcIo","I¢FF!Pc"
"2011-06-25","30","25","!|oOe~ODOe","IT3ODo!PcIo","I¢FF!Pc"
"2011-06-26","33","25","OoOe","IT3ODo!PcIo","I¢FF!Pc"
"2011-06-27","35","26","OoOe","IT3ODo!PcIo","I¢FF!Pc"
"2011-06-28","34","26","OoOe","IT3ODo!PcIo","I¢FF!Pc"
"2011-06-29","33","26","A!NOoOe","IT3ODo!PcIo","I¢FF!Pc"
"2011-06-30","34","26","aOA~A!NOoOe","IT3ODo!PcIo","I¢FF!Pc"
"EOAU","!Ni!MsAoIA","!Ni¢GgIAoIA","IiAo","!PcIo","!PcA|"
"2012-06-01","28","25","D!Oe","OYITE¢Ggo","D!OU3"
"2012-06-02","27","23","D!Oe!NaODOe","OYITE¢Ggo","D!OU3"
"2012-06-03","29","24","D!Oe!NaODOe","OYITE¢Ggo","D!OU3"
"2012-06-04","29","24","Oo","OYITE¢Ggo","D!OU3"
"2012-06-05","30","24","Oo!NaD!Oe","OYITE¢Ggo","D!OU3"
"2012-06-06","31","25","aOA!NaD!Oe","OYITE¢Ggo","D!OU3"
"2012-06-07","32","25","D!Oe","OYITE¢Ggo","D!OU3"
"2012-06-08","32","25","Oo!NaODOe","OYITE¢Ggo","D!OU3"
"2012-06-09","32","25","D!Oe!NaODOe","OYITE¢Ggo","D!OU3"
"2012-06-10","31","27","Oo!NaD!Oe","OYITE¢Ggo","D!OU3"
"2012-06-11","29","27","!|oOe!Na!|o!OcOe","OYITE¢Ggo","D!OU3"
"2012-06-12","28","25","D!Oe","OYITE¢Ggo","D!OU3"
"2012-06-13","30","25","D!Oe!Na!OcOe","OYITE¢Ggo","D!OU3"
"2012-06-14","29","25","!|oOe!Na!OcOe","OYITE¢Ggo","D!OU3"
"2012-06-15","29","25","ODOe!Na!|oOe","OYITE¢Ggo","D!OU3"
"2012-06-16","28","26","ODOe!Na!|oOe","OYITE¢Ggo","D!OU3"
"2012-06-17","31","25","ODOe!NaaOA","OYITE¢Ggo","D!OU3"
"2012-06-18","30","25","!|oOe!NaD!Oe","OYITE¢Ggo","D!OU3"
"2012-06-19","32","25","ODOe!Na!|oOe","OYITE¢Ggo","D!OU3"
"2012-06-20","31","26","!|oOe!Na!OcOe","OYITE¢Ggo","D!OU3"
"2012-06-21","29","25","D!Oe!NaODOe","OYITE¢Ggo","D!OU3"
"2012-06-22","31","24","D!Oe!NaODOe","OYITE¢Ggo","D!OU3"
"2012-06-23","32","25","!|oOe!NaOo","OYITE¢Ggo","D!OU3"
"2012-06-24","31","25","D!Oe","OYITE¢Ggo","D!OU3"
"2012-06-25","31","25","aOA!NaD!Oe","OYITE¢Ggo","D!OU3"
"2012-06-26","30","25","ODOe!NaD!Oe","OYITE¢Ggo","D!OU3"
"2012-06-27","30","25","Oo!NaD!Oe","OYITE¢Ggo","D!OU3"
"2012-06-28","32","26","D!Oe","OYITE¢Ggo","D!OU3"
"2012-06-29","31","26","D!Oe","OYITE¢Ggo","D!OU3"
"2012-06-30","31","26","D!Oe","OYITE¢Ggo","D!OU3"
"EOAU","!Ni!MsAoIA","!Ni¢GgIAoIA","IiAo","!PcIo","!PcA|"
"2013-06-01","33","26","aOA!NaCc","OYITE¢Ggo","D!OU3"
"2013-06-02","30","25","D!Oe!Na!|oOe","OYITE¢Ggo","D!OU3"
"2013-06-03","29","25","D!Oe","OYITE¢Ggo","D!OU3"
"2013-06-04","27","25","ODOe!NaD!Oe","OYITE¢Ggo","D!OU3"
"2013-06-05","29","24","aOA!NaD!Oe","OYITE¢Ggo","D!OU3"
"2013-06-06","30","24","Oo!NaD!Oe","OYITE¢Ggo","D!OU3"
"2013-06-07","32","26","Oo","OYITE¢Ggo","D!OU3"
"2013-06-08","34","27","Cc!NaaOA","OYITE¢Ggo","D!OU3"
"2013-06-09","31","25","D!Oe!NaODOe","OYITE¢Ggo","D!OU3"
"2013-06-10","31","26","ODOe!Na!OcOe","OYITE¢Ggo","D!OU3"
"2013-06-11","31","26","ODOe!Na!OcOe","OYITE¢Ggo","D!OU3"
"2013-06-12","31","25","D!Oe","OYITE¢Ggo","D!OU3"
"2013-06-13","31","26","D!Oe!NaODOe","OYITE¢Ggo","D!OU3"
"2013-06-14","31","26","D!Oe!NaODOe","OYITE¢Ggo","D!OU3"
"2013-06-15","30","26","D!Oe","OYITE¢Ggo","D!OU3"
"2013-06-16","31","25","D!Oe","OYITE¢Ggo","D!OU3"
"2013-06-17","30","25","Cc!NaD!Oe","OYITE¢Ggo","D!OU3"
"2013-06-18","31","26","aOA!NaOo","OYITE¢Ggo","D!OU3"
"2013-06-19","34","26","aOA!NaOo","OYITE¢Ggo","D!OU3"
"2013-06-20","32","27","Oo!NaD!Oe","OYITE¢Ggo","D!OU3"
"2013-06-21","31","27","D!Oe!NaODOe","OYITE¢Ggo","D!OU3"
"2013-06-22","31","26","D!Oe","OYITE¢Ggo","D!OU3"
"2013-06-23","31","26","ODOe!NaD!Oe","OYITE¢Ggo","D!OU3"
"2013-06-24","31","26","D!Oe","OYITE¢Ggo","D!OU3"
"2013-06-25","33","28","D!Oe!NaODOe","OYITE¢Ggo","D!OU3"
"2013-06-26","35","27","aOA","OYITE¢Ggo","D!OU3"
"2013-06-27","35","27","Cc!NaaOA","OYITE¢Ggo","D!OU3"
"2013-06-28","33","26","Cc!NaOo","OYITE¢Ggo","D!OU3"
"2013-06-29","33","27","aOA!NaOo","OYITE¢Ggo","D!OU3"
"2013-06-30","33","27","Cc!NaD!Oe","OYITE¢Ggo","D!OU3"
"EOAU","!Ni!MsAoIA","!Ni¢GgIAoIA","IiAo","!PcIo","!PcA|"
"2011-07-01","35","26","Cc","IT3ODo!PcIo","I¢FF!Pc"
"2011-07-02","34","27","aOA","IT3ODo!PcIo","I¢FF!Pc"
"2011-07-03","34","27","A!NOoOe","IT3ODo!PcIo","I¢FF!Pc"
"2011-07-04","35","27","aOA","IT3ODo!PcIo","I¢FF!Pc"
"2011-07-05","35","27","Cc","IT3ODo!PcIo","I¢FF!Pc"
"2011-07-06","36","27","Cc","IT3ODo!PcIo","I¢FF!Pc"
"2011-07-07","35","27","aOA~A!NOoOe","IT3ODo!PcIo","I¢FF!Pc"
"2011-07-08","34","27","A!NOoOe","IT3ODo!PcIo","I¢FF!Pc"
"2011-07-09","35","25","aOA","IT3ODo!PcIo","I¢FF!Pc"
"2011-07-10","32","25","D!Oe~!|oOe","!O!O!Pc~AI!Pc","5-6"
"2011-07-11","34","25","OoOe","IT3ODo!PcIo","I¢FF!Pc"
"2011-07-12","34","25","ODOe","IT3ODo!PcIo","I¢FF!Pc"
"2011-07-13","34","25","A!NOoOe","IT3ODo!PcIo","I¢FF!Pc"
"2011-07-14","34","25","A!NOoOe","IT3ODo!PcIo","I¢FF!Pc"
"2011-07-15","33","25","A!NOoOe","IT3ODo!PcIo","I¢FF!Pc"
"2011-07-16","33","25","OoOe","IT3ODo!PcIo","I¢FF!Pc"
"2011-07-17","33","25","A!NOoOe","IT3ODo!PcIo","I¢FF!Pc"
"2011-07-18","33","25","D!Oe~!|oOe","IT3ODo!PcIo","I¢FF!Pc"
"2011-07-19","33","25","A!NOoOe","IT3ODo!PcIo","I¢FF!Pc"
"2011-07-20","32","25","OoOe","IT3ODo!PcIo","I¢FF!Pc"
"2011-07-21","35","25","aOA~OoOe","IT3ODo!PcIo","I¢FF!Pc"
"2011-07-22","35","26","A!NOoOe","IT3ODo!PcIo","I¢FF!Pc"
"2011-07-23","36","26","A!NOoOe","IT3ODo!PcIo","I¢FF!Pc"
"2011-07-24","36","26","Cc","IT3ODo!PcIo","I¢FF!Pc"
"2011-07-25","35","26","A!NOoOe~aOA","IT3ODo!PcIo","I¢FF!Pc"
"2011-07-26","35","27","A!NOoOe","IT3ODo!PcIo","I¢FF!Pc"
"2011-07-27","36","26","aOA","IT3ODo!PcIo","I¢FF!Pc"
"2011-07-28","36","26","aOA","IT3ODo!PcIo","I¢FF!Pc"
"2011-07-29","35","26","aOA","IT3ODo!PcIo","I¢FF!Pc"
"2011-07-30","34","26","A!NOoOe","IT3ODo!PcIo","I¢FF!Pc"
"2011-07-31","34","27","A!NOoOe","IT3ODo!PcIo","I¢FF!Pc"
"EOAU","!Ni!MsAoIA","!Ni¢GgIAoIA","IiAo","!PcIo","!PcA|"
"2012-07-01","31","26","D!Oe!NaOo","OYITE¢Ggo","D!OU3"
"2012-07-02","31","26","Oo!NaaOA","OYITE¢Ggo","D!OU3"
"2012-07-03","35","27","aOA","OYITE¢Ggo","D!OU3"
"2012-07-04","31","26","Cc!NaD!Oe","OYITE¢Ggo","D!OU3"
"2012-07-05","35","27","A!NOoOe!NaaOA","OYITE¢Ggo","D!OU3"
"2012-07-06","35","27","aOA!NaA!NOoOe","OYITE¢Ggo","D!OU3"
"2012-07-07","30","25","D!Oe","OYITE¢Ggo","D!OU3"
"2012-07-08","33","26","Oo!NaD!Oe","OYITE¢Ggo","D!OU3"
"2012-07-09","36","27","aOA","OYITE¢Ggo","D!OU3"
"2012-07-10","34","26","Oo","OYITE¢Ggo","D!OU3"
"2012-07-11","37","27","Cc!NaaOA","OYITE¢Ggo","D!OU3"
"2012-07-12","33","26","aOA!NaOo","OYITE¢Ggo","D!OU3"
"2012-07-13","33","25","Oo","OYITE¢Ggo","D!OU3"
"2012-07-14","33","26","Oo!NaaOA","OYITE¢Ggo","D!OU3"
"2012-07-15","33","25","Oo!NaaOA","OYITE¢Ggo","D!OU3"
"2012-07-16","36","27","aOA","OYITE¢Ggo","D!OU3"
"2012-07-17","31","26","Cc!NaD!Oe","OYITE¢Ggo","D!OU3"
"2012-07-18","35","27","aOA!NaA!NOoOe","OYITE¢Ggo","D!OU3"
"2012-07-19","35","27","aOA","OYITE¢Ggo","D!OU3"
"2012-07-20","36","28","aOA","OYITE¢Ggo","D!OU3"
"2012-07-21","32","26","D!Oe","OYITE¢Ggo","D!OU3"
"2012-07-22","33","26","D!Oe","OYITE¢Ggo","D!OU3"
"2012-07-23","33","27","ODOe","OYITE¢Ggo","D!OU3"
"2012-07-24","35","27","aOA","OYITE¢Ggo","D!OU3"
"2012-07-25","31","26","ODOe","OYITE¢Ggo","D!OU3"
"2012-07-26","35","27","aOA!NaA!NOoOe","OYITE¢Ggo","D!OU3"
"2012-07-27","32","26","aOA!NaD!Oe","OYITE¢Ggo","D!OU3"
"2012-07-28","36","27","aOA","OYITE¢Ggo","D!OU3"
"2012-07-29","32","25","D!Oe!NaODOe","OYITE¢Ggo","D!OU3"
"2012-07-30","35","27","OoOe!NaODOe","OYITE¢Ggo","4-5"
"2012-07-31","27","25","ODOe!Na!OcOe","OYITE¢Ggo","D!OU3"
"EOAU","!Ni!MsAoIA","!Ni¢GgIAoIA","IiAo","!PcIo","!PcA|"
"2013-07-01","31","26","D!Oe","OYITE¢Ggo","D!OU3"
"2013-07-02","30","27","D!Oe!NaOo","OYITE¢Ggo","D!OU3"
"2013-07-03","31","26","Oo","OYITE¢Ggo","D!OU3"
"2013-07-04","31","27","Oo!NaD!Oe","OYITE¢Ggo","D!OU3"
"2013-07-05","36","27","aOA!NaOoOe","OYITE¢Ggo","D!OU3"
"2013-07-06","30","27","Oo!NaD!Oe","OYITE¢Ggo","D!OU3"
"2013-07-07","30","26","aOA!NaODOe","OYITE¢Ggo","D!OU3"
"2013-07-08","30","26","D!Oe!NaaOA","OYITE¢Ggo","D!OU3"
"2013-07-09","30","26","D!Oe","OYITE¢Ggo","D!OU3"
"2013-07-10","31","26","aOA!NaD!Oe","OYITE¢Ggo","D!OU3"
"2013-07-11","29","24","D!Oe!Na!OcOe","OYITE¢Ggo","D!OU3!Na6-7"
"2013-07-12","32","25","!|o!OcOe!Na!OcOe","OYITE¢Ggo","4-5!Na3-4"
"2013-07-13","31","26","D!Oe","OYITE¢Ggo","D!OU3"
"2013-07-14","31","26","D!Oe","OYITE¢Ggo","D!OU3"
"2013-07-15","31","27","D!Oe","OYITE¢Ggo","D!OU3"
"2013-07-16","31","24","aOA","OYITE¢Ggo","D!OU3"
"2013-07-17","30","27","Oo!NaD!Oe","OYITE¢Ggo","D!OU3"
"2013-07-18","29","27","D!Oe","OYITE¢Ggo","D!OU3"
"2013-07-19","29","27","D!Oe","OYITE¢Ggo","D!OU3"
"2013-07-20","31","25","D!Oe","OYITE¢Ggo","D!OU3"
"2013-07-21","32","25","D!Oe","OYITE¢Ggo","D!OU3"
"2013-07-22","31","26","Cc!NaOo","OYITE¢Ggo","D!OU3"
"2013-07-23","31","26","aOA!NaOo","OYITE¢Ggo","D!OU3"
"2013-07-24","30","26","D!Oe","OYITE¢Ggo","D!OU3"
"2013-07-25","31","27","D!Oe","OYITE¢Ggo","D!OU3"
"2013-07-26","30","27","ODOe!NaD!Oe","OYITE¢Ggo","D!OU3"
"2013-07-27","31","26","D!Oe!NaaOA","OYITE¢Ggo","D!OU3"
"2013-07-28","31","26","Oo","OYITE¢Ggo","D!OU3"
"2013-07-29","31","26","D!Oe!NaaOA","OYITE¢Ggo","D!OU3"
"2013-07-30","31","26","D!Oe!NaaOA","OYITE¢Ggo","D!OU3"
"2013-07-31","31","26","Cc!NaD!Oe","OYITE¢Ggo","D!OU3"
"EOAU","!Ni!MsAoIA","!Ni¢GgIAoIA","IiAo","!PcIo","!PcA|"
"2011-08-01","35","27","aOA","IT3ODo!PcIo","I¢FF!Pc"
"2011-08-02","36","27","aOA","IT3ODo!PcIo","I¢FF!Pc"
"2011-08-03","35","27","aOA","IT3ODo!PcIo","I¢FF!Pc"
"2011-08-04","35","25","D!Oe","IT3ODo!PcIo","I¢FF!Pc"
"2011-08-05","31","25","OoOe~!|oOe","IT3ODo!PcIo~!O!O!Pc","I¢FF!Pc~3-4"
"2011-08-06","33","26","ODOe~OoOe","!O!O!Pc~I!OAI!Pc","4-5"
"2011-08-07","34","26","A!NOoOe","IT3ODo!PcIo","I¢FF!Pc"
"2011-08-08","35","26","A!NOoOe","IT3ODo!PcIo","I¢FF!Pc"
"2011-08-09","35","26","A!NOoOe","IT3ODo!PcIo","I¢FF!Pc"
"2011-08-10","34","26","A!NOoOe~aOA","IT3ODo!PcIo","I¢FF!Pc"
"2011-08-11","35","26","A!NOoOe","IT3ODo!PcIo","I¢FF!Pc"
"2011-08-12","35","26","aOA~A!NOoOe","IT3ODo!PcIo","I¢FF!Pc"
"2011-08-13","35","26","A!NOoOe","IT3ODo!PcIo","I¢FF!Pc"
"2011-08-14","35","26","A!NOoOe~aOA","IT3ODo!PcIo","I¢FF!Pc"
"2011-08-15","35","26","A!NOoOe","IT3ODo!PcIo","I¢FF!Pc"
"2011-08-16","35","26","aOA","IT3ODo!PcIo","I¢FF!Pc"
"2011-08-17","35","26","aOA~Cc","IT3ODo!PcIo","I¢FF!Pc"
"2011-08-18","35","26","Cc~aOA","IT3ODo!PcIo","I¢FF!Pc"
"2011-08-19","36","27","Cc","IT3ODo!PcIo","I¢FF!Pc"
"2011-08-20","36","26","aOA","IT3ODo!PcIo","I¢FF!Pc"
"2011-08-21","36","26","aOA","IT3ODo!PcIo","I¢FF!Pc"
"2011-08-22","34","26","A!NOoOe~aOA","IT3ODo!PcIo","I¢FF!Pc"
"2011-08-23","34","26","aOA","IT3ODo!PcIo","I¢FF!Pc"
"2011-08-24","34","26","A!NOoOe","IT3ODo!PcIo","I¢FF!Pc"
"2011-08-25","34","26","A!NOoOe","IT3ODo!PcIo","I¢FF!Pc"
"2011-08-26","32","26","A!NOoOe~aOA","IT3ODo!PcIo","I¢FF!Pc"
"2011-08-27","34","27","OoOe","IT3ODo!PcIo","I¢FF!Pc"
"2011-08-28","32","26","D!Oe","IT3ODo!PcIo","I¢FF!Pc"
"2011-08-29","30","26","!|oOe","!Pc~AI!Pc","6-7"
"2011-08-30","31","26","!|oOe","I!OAI!Pc","4-5"
"2011-08-31","33","27","OoOe","IT3ODo!PcIo","I¢FF!Pc"
"EOAU","!Ni!MsAoIA","!Ni¢GgIAoIA","IiAo","!PcIo","!PcA|"
"2012-08-01","28","26","!OcOe","OYITE¢Ggo","3-4!NaD!OU3"
"2012-08-02","32","27","!|oOe!NaODOe","OYITE¢Ggo","D!OU3"
"2012-08-03","31","26","D!Oe","OYITE¢Ggo","D!OU3"
"2012-08-04","32","27","D!Oe","OYITE¢Ggo","D!OU3"
"2012-08-05","33","26","D!Oe","OYITE¢Ggo","D!OU3"
"2012-08-06","30","28","D!Oe!Na!|oOe","OYITE¢Ggo","D!OU3"
"2012-08-07","33","28","Oo!Na!OcOe","OYITE¢Ggo","D!OU3"
"2012-08-08","31","25","D!Oe","OYITE¢Ggo","D!OU3"
"2012-08-09","31","26","D!Oe","OYITE¢Ggo","D!OU3"
"2012-08-10","35","26","A!NOoOe","OYITE¢Ggo","D!OU3"
"2012-08-11","30","24","ODOe!NaD!Oe","OYITE¢Ggo","D!OU3"
"2012-08-12","34","26","A!NOoOe!NaOo","OYITE¢Ggo","D!OU3"
"2012-08-13","35","26","A!NOoOe!NaaOA","OYITE¢Ggo","D!OU3"
"2012-08-14","31","26","aOA!NaD!Oe","OYITE¢Ggo","D!OU3"
"2012-08-15","33","26","D!Oe!NaaOA","OYITE¢Ggo","D!OU3"
"2012-08-16","30","27","ODOe!Na!|oOe","OYITE¢Ggo","D!OU3"
"2012-08-17","30","27","D!Oe!NaODOe","OYITE¢Ggo","D!OU3"
"2012-08-18","32","25","D!Oe!NaaOA","OYITE¢Ggo","D!OU3"
"2012-08-19","30","26","D!Oe","OYITE¢Ggo","D!OU3"
"2012-08-20","31","25","Oo","OYITE¢Ggo","D!OU3"
"2012-08-21","27","25","ODOe","OYITE¢Ggo","D!OU3"
"2012-08-22","28","25","!|oOe!Na!OcOe","OYITE¢Ggo","D!OU3"
"2012-08-23","30","25","!|oOe","OYITE¢Ggo","D!OU3"
"2012-08-24","30","25","ODOe","OYITE¢Ggo","D!OU3"
"2012-08-25","29","24","D!Oe!NaODOe","OYITE¢Ggo","D!OU3"
"2012-08-26","31","27","aOA!NaOoOe","OYITE¢Ggo","D!OU3"
"2012-08-27","29","26","D!Oe!Na!|o!OcOe","OYITE¢Ggo","D!OU3"
"2012-08-28","32","26","aOA!NaOoOe","OYITE¢Ggo","D!OU3"
"2012-08-29","30","25","Oo!NaODOe","OYITE¢Ggo","D!OU3"
"2012-08-30","29","25","D!Oe","OYITE¢Ggo","D!OU3"
"2012-08-31","29","25","D!Oe","OYITE¢Ggo","D!OU3"
"EOAU","!Ni!MsAoIA","!Ni¢GgIAoIA","IiAo","!PcIo","!PcA|"
"2013-08-01","33","26","D!Oe","OYITE¢Ggo","D!OU3"
"2013-08-02","31","27","D!Oe","OYITE¢Ggo","D!OU3"
"2013-08-03","32","26","D!Oe!NaaOA","OYITE¢Ggo","D!OU3"
"2013-08-04","32","26","Cc!NaOo","OYITE¢Ggo","D!OU3"
"2013-08-05","33","27","Cc!NaODOe","OYITE¢Ggo","D!OU3"
"2013-08-06","32","27","D!Oe","OYITE¢Ggo","D!OU3"
"2013-08-07","36","27","aOA!NaOo","OYITE¢Ggo","D!OU3"
"2013-08-08","32","26","aOA!NaCc","OYITE¢Ggo","D!OU3"
"2013-08-09","32","26","Cc!NaD!Oe","OYITE¢Ggo","D!OU3"
"2013-08-10","33","26","Cc!NaD!Oe","OYITE¢Ggo","D!OU3"
"2013-08-11","34","28","Cc!NaD!Oe","OYITE¢Ggo","D!OU3"
"2013-08-12","32","27","aOA!NaOo","OYITE¢Ggo","D!OU3"
"2013-08-13","33","28","ODOe!Na!OcOe","OYITE¢Ggo","D!OU3"
"2013-08-14","29","27","ODOe","OYITE¢Ggo","D!OU3"
"2013-08-15","30","27","D!Oe!NaODOe","OYITE¢Ggo","D!OU3"
"2013-08-16","31","26","D!Oe!NaODOe","OYITE¢Ggo","D!OU3"
"2013-08-17","32","25","D!Oe","OYITE¢Ggo","D!OU3"
"2013-08-18","33","26","Cc!NaOo","OYITE¢Ggo","D!OU3"
"2013-08-19","30","26","D!Oe!Na!|oOe","!O!O!Pc","D!OU3"
"2013-08-20","30","27","!OcOe","I!OAI!Pc","D!OU3"
"2013-08-21","31","28","!|oOe!NaODOe","!O!O!Pc","D!OU3"
"2013-08-22","30","27","!OcOe!Na!|oOe","!O!O!Pc","D!OU3"
"2013-08-23","29","27","D!Oe","!O!O!Pc","D!OU3"
"2013-08-24","30","27","ODOe!NaD!Oe","!O!O!Pc","D!OU3"
"2013-08-25","32","28","D!Oe","!O!O!Pc","D!OU3"
"2013-08-26","31","27","D!Oe!NaODOe","I!O!Pc","D!OU3"
"2013-08-27","32","27","Cc!NaD!Oe","OYITE¢Ggo","D!OU3"
"2013-08-28","30","28","!OcOe!Na!|o!OcOe","OYITE¢Ggo","5-6!Na6-7"
"2013-08-29","33","29","!OcOe","I!O!Pc","D!OU3"
"2013-08-30","29","27","D!Oe!Na!OcOe","!O!O!Pc","D!OU3"
"2013-08-31","28","26","!|oOe","!O!O!Pc","D!OU3"
"EOAU","!Ni!MsAoIA","!Ni¢GgIAoIA","IiAo","!PcIo","!PcA|"
"2011-09-01","34","25","A!NOoOe","IT3ODo!PcIo","I¢FF!Pc"
"2011-09-02","33","26","aOA","IT3ODo!PcIo","I¢FF!Pc"
"2011-09-03","33","26","aOA","IT3ODo!PcIo","I¢FF!Pc"
"2011-09-04","33","25","aOA","IT3ODo!PcIo","I¢FF!Pc"
"2011-09-05","33","25","aOA","IT3ODo!PcIo","I¢FF!Pc"
"2011-09-06","33","24","aOA","IT3ODo!PcIo","I¢FF!Pc"
"2011-09-07","33","24","aOA","IT3ODo!PcIo","I¢FF!Pc"
"2011-09-08","34","24","aOA","IT3ODo!PcIo","I¢FF!Pc"
"2011-09-09","34","25","aOA","IT3ODo!PcIo","I¢FF!Pc"
"2011-09-10","34","25","aOA","IT3ODo!PcIo","I¢FF!Pc"
"2011-09-11","32","25","aOA","IT3ODo!PcIo","I¢FF!Pc"
"2011-09-12","32","26","OoOe","IT3ODo!PcIo","I¢FF!Pc"
"2011-09-13","32","24","OoOe","IT3ODo!PcIo","I¢FF!Pc"
"2011-09-14","32","25","OoOe~aOA","IT3ODo!PcIo","I¢FF!Pc"
"2011-09-15","33","25","aOA","IT3ODo!PcIo","I¢FF!Pc"
"2011-09-16","34","25","aOA","IT3ODo!PcIo","I¢FF!Pc"
"2011-09-17","33","25","Oo","IT3ODo!PcIo","I¢FF!Pc"
"2011-09-18","33","24","aOA~OoOe","IT3ODo!PcIo","I¢FF!Pc"
"2011-09-19","30","24","Oo","IT3ODo!PcIo","I¢FF!Pc"
"2011-09-20","30","23","OoOe","IT3ODo!PcIo","I¢FF!Pc"
"2011-09-21","27","23","OoOe","IT3ODo!PcIo","I¢FF!Pc"
"2011-09-22","26","22","OoOe","IT3ODo!PcIo","I¢FF!Pc"
"2011-09-23","27","22","Oo","IT3ODo!PcIo","I¢FF!Pc"
"2011-09-24","29","22","Oo~OoOe","IT3ODo!PcIo","I¢FF!Pc"
"2011-09-25","30","23","OoOe","IT3ODo!PcIo","I¢FF!Pc"
"2011-09-26","32","24","OoOe","IT3ODo!PcIo","I¢FF!Pc"
"2011-09-27","32","25","aOA","IT3ODo!PcIo","I¢FF!Pc"
"2011-09-28","33","25","ODOe","IT3ODo!PcIo","I¢FF!Pc"
"2011-09-29","33","26","OoOe","IT3ODo!PcIo","I¢FF!Pc"
"2011-09-30","34","23","OoOe","IT3ODo!PcIo","I¢FF!Pc"
"EOAU","!Ni!MsAoIA","!Ni¢GgIAoIA","IiAo","!PcIo","!PcA|"
"2012-09-01","30","25","aOA!NaD!Oe","OYITE¢Ggo","D!OU3"
"2012-09-02","34","26","aOA","OYITE¢Ggo","D!OU3"
"2012-09-03","31","25","D!Oe!NaaOA","OYITE¢Ggo","D!OU3"
"2012-09-04","32","25","D!Oe","OYITE¢Ggo","D!OU3"
"2012-09-05","34","26","aOA!NaA!NOoOe","OYITE¢Ggo","D!OU3"
"2012-09-06","30","26","Cc!NaODOe","OYITE¢Ggo","D!OU3"
"2012-09-07","31","25","D!Oe","OYITE¢Ggo","D!OU3"
"2012-09-08","35","26","aOA","OYITE¢Ggo","D!OU3"
"2012-09-09","31","25","D!Oe","OYITE¢Ggo","D!OU3"
"2012-09-10","31","25","aOA","OYITE¢Ggo","D!OU3"
"2012-09-11","34","26","aOA","OYITE¢Ggo","D!OU3"
"2012-09-12","30","26","D!Oe!NaODOe","OYITE¢Ggo","D!OU3"
"2012-09-13","28","25","D!Oe!Na!|oOe","OYITE¢Ggo","D!OU3"
"2012-09-14","27","24","Oo!NaOoOe","OYITE¢Ggo","D!OU3"
"2012-09-15","26","24","ODOe!NaD!Oe","OYITE¢Ggo","D!OU3"
"2012-09-16","27","22","D!Oe!NaaOA","OYITE¢Ggo","D!OU3"
"2012-09-17","30","21","aOA","OYITE¢Ggo","D!OU3"
"2012-09-18","26","23","Oo","OYITE¢Ggo","D!OU3"
"2012-09-19","26","24","ODOe!NaD!Oe","OYITE¢Ggo","D!OU3"
"2012-09-20","30","24","ODOe!NaD!Oe","OYITE¢Ggo","D!OU3"
"2012-09-21","29","25","Oo!NaODOe","OYITE¢Ggo","D!OU3"
"2012-09-22","29","26","D!Oe!NaODOe","OYITE¢Ggo","D!OU3"
"2012-09-23","28","24","Oo!NaOoOe","OYITE¢Ggo","D!OU3"
"2012-09-24","27","24","D!Oe","OYITE¢Ggo","D!OU3"
"2012-09-25","28","24","D!Oe","OYITE¢Ggo","D!OU3"
"2012-09-26","28","25","Oo!NaODOe","OYITE¢Ggo","D!OU3"
"2012-09-27","26","24","ODOe!Na!|o!OcOe","OYITE¢Ggo","D!OU3"
"2012-09-28","24","22","!|oOe!NaaOA","OYITE¢Ggo","D!OU3"
"2012-09-29","26","20","aOA","OYITE¢Ggo","D!OU3"
"2012-09-30","26","20","Cc!NaaOA","OYITE¢Ggo","D!OU3"
"EOAU","!Ni!MsAoIA","!Ni¢GgIAoIA","IiAo","!PcIo","!PcA|"
"2013-09-01","29","25","aOA!NaOo","!O!O!Pc","D!OU3"
"2013-09-02","29","25","aOA!NaD!Oe","!O!O!Pc","D!OU3"
"2013-09-03","28","24","D!Oe","!O!O!Pc","D!OU3"
"2013-09-04","29","24","aOA!NaD!Oe","!O!O!Pc","D!OU3"
"2013-09-05","31","26","aOA","!O!O!Pc","D!OU3"
"2013-09-06","31","25","Cc!NaaOA","!O!O!Pc","D!OU3"
"2013-09-07","31","24","Cc","I!O!O!O!Pc","D!OU3"
"2013-09-08","32","25","Cc!NaOo","!O!O!Pc","D!OU3"
"2013-09-09","32","26","aOA","!O!O!Pc","D!OU3"
"2013-09-10","32","26","Cc","!O!O!Pc","D!OU3"
"2013-09-11","33","25","aOA","!O!O!Pc","D!OU3"
"2013-09-12","31","26","D!Oe","!O!O!Pc","D!OU3"
"2013-09-13","30","26","D!Oe","!O!O!Pc","D!OU3"
"2013-09-14","29","25","D!Oe!NaODOe","!O!O!Pc","D!OU3"
"2013-09-15","29","25","D!Oe","!O!O!Pc","D!OU3"
"2013-09-16","29","24","Oo","I!O!Pc","D!OU3"
"2013-09-17","31","24","aOA!NaD!Oe","!O!O!Pc","D!OU3"
"2013-09-18","30","25","D!Oe","I!O!O!O!Pc","D!OU3"
"2013-09-19","29","27","D!Oe!Na!|oOe","!O!O!Pc","D!OU3"
"2013-09-20","29","26","!OcOe","!O!O!Pc","D!OU3!Na3-4"
"2013-09-21","30","26","!OcOe!NaODOe","!O!O!Pc","5-6!Na4-5"
"2013-09-22","31","26","D!Oe","!O!O!Pc","D!OU3"
"2013-09-23","31","26","D!Oe","!O!O!Pc","D!OU3"
"2013-09-24","29","24","D!Oe","!O!O!Pc","D!OU3"
"2013-09-25","27","24","Oo","!O!O!Pc","D!OU3"
"2013-09-26","27","23","Oo!NaaOA","!O!O!Pc","D!OU3"
"2013-09-27","31","25","aOA!NaD!Oe","!O!O!Pc","D!OU3"
"2013-09-28","32","25","D!Oe","!O!O!Pc","D!OU3"
"2013-09-29","31","24","D!Oe","!O!O!Pc","D!OU3"
"2013-09-30","30","26","D!Oe!NaOo","!O!O!Pc","D!OU3"
"EOAU","!Ni!MsAoIA","!Ni¢GgIAoIA","IiAo","!PcIo","!PcA|"
"2011-10-01","26","21","OoOe","IT3ODo!PcIo","I¢FF!Pc"
"2011-10-02","25","22","OoOe","IT3ODo!PcIo","I¢FF!Pc"
"2011-10-03","25","22","OoOe","IT3ODo!PcIo","I¢FF!Pc"
"2011-10-04","26","23","OoOe","IT3ODo!PcIo","I¢FF!Pc"
"2011-10-05","27","22","Oo","IT3ODo!PcIo","I¢FF!Pc"
"2011-10-06","27","22","OoOe","IT3ODo!PcIo","I¢FF!Pc"
"2011-10-07","25","22","OoOe","IT3ODo!PcIo","I¢FF!Pc"
"2011-10-08","26","23","Oo~OoOe","IT3ODo!PcIo","I¢FF!Pc"
"2011-10-09","29","24","OoOe","IT3ODo!PcIo","I¢FF!Pc"
"2011-10-10","30","25","OoOe","IT3ODo!PcIo","I¢FF!Pc"
"2011-10-11","30","25","OoOe","IT3ODo!PcIo","I¢FF!Pc"
"2011-10-12","29","25","OoOe~aOA","IT3ODo!PcIo","I¢FF!Pc"
"2011-10-13","30","23","OoOe","IT3ODo!PcIo","I¢FF!Pc"
"2011-10-14","30","22","D!Oe","IT3ODo!PcIo","I¢FF!Pc"
"2011-10-15","26","21","OoOe","IT3ODo!PcIo","I¢FF!Pc"
"2011-10-16","26","21","OoOe","IT3ODo!PcIo","I¢FF!Pc"
"2011-10-17","27","22","aOA","IT3ODo!PcIo","I¢FF!Pc"
"2011-10-18","26","21","aOA","IT3ODo!PcIo","I¢FF!Pc"
"2011-10-19","27","23","OoOe","IT3ODo!PcIo","I¢FF!Pc"
"2011-10-20","28","23","aOA","IT3ODo!PcIo","I¢FF!Pc"
"2011-10-21","27","22","OoOe","IT3ODo!PcIo","I¢FF!Pc"
"2011-10-22","28","22","aOA","IT3ODo!PcIo","I¢FF!Pc"
"2011-10-23","29","23","aOA","IT3ODo!PcIo","I¢FF!Pc"
"2011-10-24","26","23","aOA","IT3ODo!PcIo","I¢FF!Pc"
"2011-10-25","24","21","OoOe","IT3ODo!PcIo","I¢FF!Pc"
"2011-10-26","23","20","OoOe","IT3ODo!PcIo","I¢FF!Pc"
"2011-10-27","25","22","aOA","IT3ODo!PcIo","I¢FF!Pc"
"2011-10-28","28","22","aOA","IT3ODo!PcIo","I¢FF!Pc"
"2011-10-29","28","22","aOA","IT3ODo!PcIo","I¢FF!Pc"
"2011-10-30","26","20","OoOe","IT3ODo!PcIo","I¢FF!Pc"
"2011-10-31","26","20","Oo","IT3ODo!PcIo","I¢FF!Pc"
"EOAU","!Ni!MsAoIA","!Ni¢GgIAoIA","IiAo","!PcIo","!PcA|"
"2012-10-01","26","19","aOA","OYITE¢Ggo","D!OU3"
"2012-10-02","25","19","aOA","OYITE¢Ggo","D!OU3"
"2012-10-03","26","18","aOA!NaOo","OYITE¢Ggo","D!OU3"
"2012-10-04","28","22","aOA!NaOo","OYITE¢Ggo","D!OU3"
"2012-10-05","27","22","Oo","OYITE¢Ggo","D!OU3"
"2012-10-06","25","22","Oo","OYITE¢Ggo","D!OU3"
"2012-10-07","25","23","Oo!NaD!Oe","OYITE¢Ggo","D!OU3"
"2012-10-08","26","22","D!Oe","OYITE¢Ggo","D!OU3"
"2012-10-09","26","22","Oo!NaaOA","OYITE¢Ggo","D!OU3"
"2012-10-10","26","21","aOA!NaOoOe","OYITE¢Ggo","D!OU3"
"2012-10-11","24","19","Oo!NaaOA","OYITE¢Ggo","D!OU3"
"2012-10-12","26","20","D!Oe!NaOo","OYITE¢Ggo","D!OU3"
"2012-10-13","28","22","aOA","OYITE¢Ggo","D!OU3"
"2012-10-14","27","22","aOA","OYITE¢Ggo","D!OU3"
"2012-10-15","26","23","Oo","OYITE¢Ggo","D!OU3"
"2012-10-16","25","23","aOA!NaODOe","OYITE¢Ggo","D!OU3"
"2012-10-17","22","18","aOA","OYITE¢Ggo","D!OU3"
"2012-10-18","25","18","aOA","OYITE¢Ggo","D!OU3"
"2012-10-19","27","18","aOA!NaCc","OYITE¢Ggo","D!OU3"
"2012-10-20","28","18","aOA!NaCc","OYITE¢Ggo","D!OU3"
"2012-10-21","29","21","Cc","OYITE¢Ggo","D!OU3"
"2012-10-22","26","20","aOA!NaODOe","OYITE¢Ggo","D!OU3"
"2012-10-23","26","22","Oo","OYITE¢Ggo","D!OU3"
"2012-10-24","28","20","aOA","OYITE¢Ggo","D!OU3"
"2012-10-25","29","21","aOA","OYITE¢Ggo","D!OU3"
"2012-10-26","29","23","aOA!NaOo","OYITE¢Ggo","D!OU3"
"2012-10-27","28","23","D!Oe","OYITE¢Ggo","D!OU3"
"2012-10-28","27","22","D!Oe!NaOo","OYITE¢Ggo","D!OU3"
"2012-10-29","27","22","Oo!NaODOe","OYITE¢Ggo","D!OU3"
"2012-10-30","22","21","!OcOe!NaODOe","OYITE¢Ggo","D!OU3"
"2012-10-31","21","19","ODOe!NaD!Oe","OYITE¢Ggo","D!OU3"
"EOAU","!Ni!MsAoIA","!Ni¢GgIAoIA","IiAo","!PcIo","!PcA|"
"2013-10-01","27","24","Oo!NaaOA","I!OAI!Pc","D!OU3"
"2013-10-02","25","22","D!Oe!NaODOe","!O!O!Pc","D!OU3"
"2013-10-03","26","22","D!Oe","!O!O!Pc","D!OU3"
"2013-10-04","27","23","D!Oe!NaODOe","!O!O!Pc","D!OU3"
"2013-10-05","28","25","!OcOe","!O!O!Pc","4-5"
"2013-10-06","31","24","ODOe!NaD!Oe","!O!O!Pc","3-4!NaD!OU3"
"2013-10-07","29","25","D!Oe","!O!O!Pc","D!OU3"
"2013-10-08","28","25","D!Oe","!O!O!Pc","D!OU3"
"2013-10-09","29","25","D!Oe","!O!O!Pc","D!OU3"
"2013-10-10","28","24","D!Oe","OYITE¢Ggo","D!OU3"
"2013-10-11","27","25","!|oOe!NaD!Oe","!O!O!Pc","D!OU3"
"2013-10-12","27","24","D!Oe","!O!O!Pc","D!OU3"
"2013-10-13","27","24","D!Oe","!O!O!Pc","D!OU3"
"2013-10-14","29","23","Oo~D!Oe","!O!O!Pc","D!OU3"
"2013-10-15","23","20","Oo","I!O!Pc","D!OU3"
"2013-10-16","25","18","Oo!NaD!Oe","I!O!Pc","D!OU3"
"2013-10-17","26","21","Oo!NaD!Oe","!O!O!Pc","D!OU3"
"2013-10-18","27","21","D!Oe","I!OAI!Pc","D!OU3"
"2013-10-19","25","22","ODOe","!O!O!Pc","D!OU3"
"2013-10-20","24","22","ODOe!NaD!Oe","!O!O!Pc","D!OU3"
"2013-10-21","26","21","D!Oe","!O!O!Pc","D!OU3"
"2013-10-22","23","21","Oo","!O!O!Pc","D!OU3"
"2013-10-23","23","21","Oo!NaD!Oe","!O!O!Pc","D!OU3"
"2013-10-24","21","19","D!Oe!NaOo","!O!O!Pc","D!OU3"
"2013-10-25","21","18","D!Oe!NaOo","!O!O!Pc","D!OU3"
"2013-10-26","22","16","Oo!NaD!Oe","!O!O!Pc","D!OU3"
"2013-10-27","25","18","aOA!NaOo","!O!O!Pc","D!OU3"
"2013-10-28","25","19","Oo!NaD!Oe","I!O!O!O!Pc","D!OU3"
"2013-10-29","27","21","D!Oe","I!O!Pc","D!OU3"
"2013-10-30","26","21","D!Oe","!O!O!Pc","D!OU3"
"2013-10-31","29","22","!|oOe!NaODOe","!O!O!Pc","D!OU3"
"EOAU","!Ni!MsAoIA","!Ni¢GgIAoIA","IiAo","!PcIo","!PcA|"
"2011-11-01","28","22","D!Oe","IT3ODo!PcIo","I¢FF!Pc"
"2011-11-02","27","22","OoOe","IT3ODo!PcIo","I¢FF!Pc"
"2011-11-03","29","23","aOA","IT3ODo!PcIo","I¢FF!Pc"
"2011-11-04","29","23","aOA","IT3ODo!PcIo","I¢FF!Pc"
"2011-11-05","31","24","aOA~Oo","IT3ODo!PcIo","I¢FF!Pc"
"2011-11-06","29","22","OoOe","IT3ODo!PcIo","I¢FF!Pc"
"2011-11-07","27","22","OoOe","IT3ODo!PcIo","I¢FF!Pc"
"2011-11-08","26","21","OoOe","IT3ODo!PcIo","I¢FF!Pc"
"2011-11-09","25","18","!|o¢Gg!OcOe","IT3ODo!PcIo","I¢FF!Pc"
"2011-11-10","22","18","OoOe","IT3ODo!PcIo","I¢FF!Pc"
"2011-11-11","22","19","D!Oe","IT3ODo!PcIo","I¢FF!Pc"
"2011-11-12","23","19","OoOe","IT3ODo!PcIo","I¢FF!Pc"
"2011-11-13","25","20","OoOe","IT3ODo!PcIo","I¢FF!Pc"
"2011-11-14","23","20","OoOe","IT3ODo!PcIo","I¢FF!Pc"
"2011-11-15","24","20","OoOe","IT3ODo!PcIo","I¢FF!Pc"
"2011-11-16","26","22","D!Oe~ODOe","IT3ODo!PcIo","I¢FF!Pc"
"2011-11-17","27","22","OoOe~Oo","IT3ODo!PcIo","I¢FF!Pc"
"2011-11-18","28","21","OoOe","IT3ODo!PcIo","I¢FF!Pc"
"2011-11-19","26","21","OoOe","IT3ODo!PcIo","I¢FF!Pc"
"2011-11-20","22","18","OoOe~Oo","IT3ODo!PcIo","I¢FF!Pc"
"2011-11-21","23","18","aOA","IT3ODo!PcIo","I¢FF!Pc"
"2011-11-22","25","19","Oo","IT3ODo!PcIo","I¢FF!Pc"
"2011-11-23","22","18","OoOe~aOA","IT3ODo!PcIo","I¢FF!Pc"
"2011-11-24","25","18","aOA","IT3ODo!PcIo","I¢FF!Pc"
"2011-11-25","24","18","aOA","IT3ODo!PcIo","I¢FF!Pc"
"2011-11-26","27","19","aOA","IT3ODo!PcIo","I¢FF!Pc"
"2011-11-27","25","20","OoOe~Oo","IT3ODo!PcIo","I¢FF!Pc"
"2011-11-28","25","20","D!Oe","IT3ODo!PcIo","I¢FF!Pc"
"2011-11-29","27","21","aOA","IT3ODo!PcIo","I¢FF!Pc"
"2011-11-30","26","19","OoOe","IT3ODo!PcIo","I¢FF!Pc"
"EOAU","!Ni!MsAoIA","!Ni¢GgIAoIA","IiAo","!PcIo","!PcA|"
"2012-11-01","25","19","Oo!NaD!Oe","OYITE¢Ggo","D!OU3"
"2012-11-02","26","19","Oo!NaODOe","OYITE¢Ggo","D!OU3"
"2012-11-03","25","21","D!Oe!NaOo","OYITE¢Ggo","D!OU3"
"2012-11-04","22","15","D!Oe!NaaOA","OYITE¢Ggo","D!OU3"
"2012-11-05","25","18","aOA","OYITE¢Ggo","D!OU3"
"2012-11-06","22","18","D!Oe!NaOo","OYITE¢Ggo","D!OU3"
"2012-11-07","25","19","Oo!NaaOA","OYITE¢Ggo","D!OU3"
"2012-11-08","27","21","aOA","OYITE¢Ggo","D!OU3"
"2012-11-09","29","21","Cc!NaD!Oe","OYITE¢Ggo","D!OU3"
"2012-11-10","22","20","ODOe!NaD!Oe","OYITE¢Ggo","D!OU3"
"2012-11-11","22","19","D!Oe","OYITE¢Ggo","D!OU3"
"2012-11-12","25","20","aOA!NaD!Oe","OYITE¢Ggo","D!OU3"
"2012-11-13","23","18","D!Oe!NaOo","OYITE¢Ggo","D!OU3"
"2012-11-14","24","20","Oo","OYITE¢Ggo","D!OU3"
"2012-11-15","27","20","Oo!NaD!Oe","OYITE¢Ggo","D!OU3"
"2012-11-16","23","21","ODOe","OYITE¢Ggo","D!OU3"
"2012-11-17","22","18","D!Oe","OYITE¢Ggo","D!OU3"
"2012-11-18","23","17","Oo","OYITE¢Ggo","D!OU3"
"2012-11-19","25","19","D!Oe","OYITE¢Ggo","D!OU3"
"2012-11-20","28","20","aOA!NaODOe","OYITE¢Ggo","D!OU3"
"2012-11-21","25","22","ODOe!NaD!Oe","OYITE¢Ggo","D!OU3"
"2012-11-22","24","23","D!Oe!Na!|oOe","OYITE¢Ggo","D!OU3"
"2012-11-23","21","18","ODOe!NaD!Oe","OYITE¢Ggo","D!OU3"
"2012-11-24","26","19","Oo!NaCc","OYITE¢Ggo","D!OU3"
"2012-11-25","23","20","ODOe!Na!OcOe","OYITE¢Ggo","D!OU3"
"2012-11-26","21","16","ODOe!NaD!Oe","OYITE¢Ggo","D!OU3"
"2012-11-27","25","17","D!Oe!NaODOe","OYITE¢Ggo","D!OU3"
"2012-11-28","23","20","D!Oe!NaODOe","OYITE¢Ggo","D!OU3"
"2012-11-29","23","18","ODOe!Na!OcOe","OYITE¢Ggo","D!OU3"
"2012-11-30","24","20","ODOe!Na!OcOe","OYITE¢Ggo","D!OU3"
"EOAU","!Ni!MsAoIA","!Ni¢GgIAoIA","IiAo","!PcIo","!PcA|"
"2013-11-01","28","23","D!Oe!NaODOe","!O!O!Pc","D!OU3"
"2013-11-02","29","23","D!Oe!NaODOe","!O!O!Pc","D!OU3"
"2013-11-03","24","22","ODOe","!O!O!Pc","D!OU3"
"2013-11-04","24","22","ODOe!NaD!Oe","!O!O!Pc","D!OU3"
"2013-11-05","27","22","D!Oe","I!O!Pc","D!OU3"
"2013-11-06","25","22","D!Oe","!O!O!Pc","D!OU3"
"2013-11-07","28","22","D!Oe","!O!O!Pc","D!OU3"
"2013-11-08","30","22","Cc!NaD!Oe","!O!O!Pc","D!OU3"
"2013-11-09","30","23","aOA!NaD!Oe","!O!O!Pc","D!OU3"
"2013-11-10","29","21","D!Oe","!O!O!Pc","D!OU3"
"2013-11-11","26","21","D!Oe","!O!O!Pc","D!OU3"
"2013-11-12","24","20","D!Oe","!O!O!Pc","D!OU3"
"2013-11-13","25","21","D!Oe","!O!O!Pc","D!OU3"
"2013-11-14","23","21","D!Oe!NaODOe","I!OAI!Pc","D!OU3"
"2013-11-15","24","20","Oo","!O!O!Pc","D!OU3"
"2013-11-16","20","17","aOA","!O!O!Pc","D!OU3"
"2013-11-17","18","13","Cc","!O!O!Pc","D!OU3"
"2013-11-18","19","13","aOA","!O!O!Pc","D!OU3"
"2013-11-19","22","14","aOA!NaOo","I!O!Pc","D!OU3"
"2013-11-20","23","16","Oo!NaD!Oe","!O!O!Pc","D!OU3"
"2013-11-21","23","18","Oo","!O!O!Pc","D!OU3"
"2013-11-22","25","18","D!Oe!NaOo","I!O!Pc","D!OU3"
"2013-11-23","28","19","Cc!NaD!Oe","!O!O!Pc","D!OU3"
"2013-11-24","19","17","ODOe!NaD!Oe","!O!O!Pc","D!OU3"
"2013-11-25","21","14","Oo","!O!O!Pc","D!OU3"
"2013-11-26","23","15","D!Oe!NaODOe","!O!O!Pc","D!OU3"
"2013-11-27","17","13","ODOe!NaD!Oe","!O!O!Pc","D!OU3"
"2013-11-28","14","10","D!Oe!NaaOA","I!OAI!Pc","D!OU3"
"2013-11-29","20","10","aOA!NaOo","!O!O!Pc","D!OU3"
"2013-11-30","20","12","aOA!NaOo","!O!O!Pc","D!OU3"
"EOAU","!Ni!MsAoIA","!Ni¢GgIAoIA","IiAo","!PcIo","!PcA|"
"2011-12-01","21","17","D!Oe","IT3ODo!PcIo","I¢FF!Pc"
"2011-12-02","18","14","D!Oe","IT3ODo!PcIo","I¢FF!Pc"
"2011-12-03","17","13","aOA","IT3ODo!PcIo","I¢FF!Pc"
"2011-12-04","21","14","Cc~aOA","IT3ODo!PcIo","I¢FF!Pc"
"2011-12-05","24","16","aOA","IT3ODo!PcIo","I¢FF!Pc"
"2011-12-06","24","17","!|oOe~OoOe","IT3ODo!PcIo","I¢FF!Pc"
"2011-12-07","25","15","aOA~D!Oe","IT3ODo!PcIo","I¢FF!Pc"
"2011-12-08","21","15","D!Oe","IT3ODo!PcIo","I¢FF!Pc"
"2011-12-09","17","14","OoOe","IT3ODo!PcIo","I¢FF!Pc"
"2011-12-10","16","13","D!Oe","IT3ODo!PcIo","I¢FF!Pc"
"2011-12-11","17","13","Oo~OoOe","IT3ODo!PcIo","I¢FF!Pc"
"2011-12-12","19","15","OoOe","IT3ODo!PcIo","I¢FF!Pc"
"2011-12-13","22","17","OoOe","IT3ODo!PcIo","I¢FF!Pc"
"2011-12-14","21","18","Oo~OoOe","IT3ODo!PcIo","I¢FF!Pc"
"2011-12-15","19","13","OoOe","IT3ODo!PcIo","I¢FF!Pc"
"2011-12-16","16","13","OoOe","IT3ODo!PcIo","I¢FF!Pc"
"2011-12-17","16","15","D!Oe","IT3ODo!PcIo","I¢FF!Pc"
"2011-12-18","18","14","D!Oe","IT3ODo!PcIo","I¢FF!Pc"
"2011-12-19","21","16","aOA","IT3ODo!PcIo","I¢FF!Pc"
"2011-12-20","20","16","OoOe","IT3ODo!PcIo","I¢FF!Pc"
"2011-12-21","21","17","OoOe","IT3ODo!PcIo","I¢FF!Pc"
"2011-12-22","17","11","D!Oe","IT3ODo!PcIo","I¢FF!Pc"
"2011-12-23","14","10","OoOe","IT3ODo!PcIo","I¢FF!Pc"
"2011-12-24","14","11","D!Oe","IT3ODo!PcIo","I¢FF!Pc"
"2011-12-25","14","10","aOA","IT3ODo!PcIo","I¢FF!Pc"
"2011-12-26","16","14","Oo","IT3ODo!PcIo","I¢FF!Pc"
"2011-12-27","19","16","aOA","IT3ODo!PcIo","I¢FF!Pc"
"2011-12-28","19","15","OoOe","IT3ODo!PcIo","I¢FF!Pc"
"2011-12-29","18","15","OoOe","IT3ODo!PcIo","I¢FF!Pc"
"2011-12-30","17","14","D!Oe","IT3ODo!PcIo","I¢FF!Pc"
"2011-12-31","17","14","OoOe","IT3ODo!PcIo","I¢FF!Pc"
"EOAU","!Ni!MsAoIA","!Ni¢GgIAoIA","IiAo","!PcIo","!PcA|"
"2012-12-01","24","20","ODOe!Na!OcOe","OYITE¢Ggo","D!OU3"
"2012-12-02","21","18","ODOe!NaD!Oe","OYITE¢Ggo","D!OU3"
"2012-12-03","19","15","ODOe","OYITE¢Ggo","D!OU3"
"2012-12-04","18","15","!|oOe!NaODOe","OYITE¢Ggo","D!OU3"
"2012-12-05","17","13","ODOe!NaD!Oe","OYITE¢Ggo","D!OU3"
"2012-12-06","21","14","Oo!NaD!Oe","OYITE¢Ggo","D!OU3"
"2012-12-07","21","14","Oo!NaD!Oe","OYITE¢Ggo","D!OU3"
"2012-12-08","18","13","D!Oe","OYITE¢Ggo","D!OU3"
"2012-12-09","18","13","D!Oe","OYITE¢Ggo","D!OU3"
"2012-12-10","19","15","D!Oe","OYITE¢Ggo","D!OU3"
"2012-12-11","19","15","D!Oe","OYITE¢Ggo","D!OU3"
"2012-12-12","22","16","ODOe","OYITE¢Ggo","D!OU3"
"2012-12-13","24","19","Oo!NaaOA","OYITE¢Ggo","D!OU3"
"2012-12-14","26","17","aOA","OYITE¢Ggo","D!OU3"
"2012-12-15","24","18","ODOe!NaD!Oe","OYITE¢Ggo","D!OU3"
"2012-12-16","21","18","D!Oe","OYITE¢Ggo","D!OU3"
"2012-12-17","17","16","D!Oe!NaODOe","OYITE¢Ggo","D!OU3"
"2012-12-18","17","13","D!Oe","OYITE¢Ggo","D!OU3"
"2012-12-19","22","12","D!Oe!NaOo","OYITE¢Ggo","D!OU3"
"2012-12-20","22","17","Cc","OYITE¢Ggo","D!OU3"
"2012-12-21","19","17","D!Oe","OYITE¢Ggo","D!OU3"
"2012-12-22","15","13","D!Oe!NaODOe","OYITE¢Ggo","D!OU3"
"2012-12-23","16","10","D!Oe","OYITE¢Ggo","D!OU3"
"2012-12-24","21","11","Oo!NaD!Oe","OYITE¢Ggo","D!OU3"
"2012-12-25","22","16","Oo!NaD!Oe","OYITE¢Ggo","D!OU3"
"2012-12-26","23","17","D!Oe","OYITE¢Ggo","D!OU3"
"2012-12-27","20","18","D!Oe","OYITE¢Ggo","D!OU3"
"2012-12-28","24","16","D!Oe","OYITE¢Ggo","D!OU3"
"2012-12-29","13","11","ODOe","OYITE¢Ggo","D!OU3"
"2012-12-30","13","7","D!Oe","OYITE¢Ggo","D!OU3"
"2012-12-31","17","7","aOA!NaD!Oe","OYITE¢Ggo","D!OU3"
"EOAU","!Ni!MsAoIA","!Ni¢GgIAoIA","IiAo","!PcIo","!PcA|"
"2013-12-01","20","12","aOA","!O!O!Pc","D!OU3"
"2013-12-02","21","11","Cc","!O!O!Pc","D!OU3"
"2013-12-03","20","10","Cc!NaOo","!O!O!Pc","D!OU3"
"2013-12-04","21","11","Oo!NaD!Oe","!O!O!Pc","D!OU3"
"2013-12-05","21","14","Oo","!O!O!Pc","D!OU3"
"2013-12-06","21","14","Oo","I!O!O!O!Pc","D!OU3"
"2013-12-07","23","18","D!Oe","!O!O!Pc","D!OU3"
"2013-12-08","21","18","ODOe!NaOo","!O!O!Pc","D!OU3"
"2013-12-09","18","13","D!Oe!NaaOA","!O!O!Pc","D!OU3"
"2013-12-10","17","14","Oo","!O!O!Pc","D!OU3"
"2013-12-11","20","14","Oo","I!O!Pc","D!OU3"
"2013-12-12","21","15","D!Oe","I!O!Pc","D!OU3"
"2013-12-13","21","17","D!Oe!NaODOe","!O!O!Pc","D!OU3"
"2013-12-14","21","17","ODOe","!O!O!Pc","D!OU3"
"2013-12-15","21","19","ODOe!NaD!Oe","!O!O!Pc","D!OU3"
"2013-12-16","26","18","D!Oe!NaODOe","!O!O!Pc","D!OU3"
"2013-12-17","16","14","!|oOe!NaD!Oe","!O!O!Pc","D!OU3"
"2013-12-18","15","13","ODOe!NaD!Oe","AI!Pc","D!OU3"
"2013-12-19","14","12","D!Oe","!O!O!Pc","D!OU3"
"2013-12-20","15","13","D!Oe","!O!O!Pc","D!OU3"
"2013-12-21","17","12","D!Oe","!O!O!Pc","D!OU3"
"2013-12-22","18","13","D!Oe","!O!O!Pc","D!OU3"
"2013-12-23","16","14","D!Oe!NaODOe","!O!O!Pc","D!OU3"
"2013-12-24","19","14","D!Oe","!O!O!Pc","D!OU3"
"2013-12-25","17","14","D!Oe!NaODOe","!O!O!Pc","D!OU3"
"2013-12-26","12","10","D!Oe","!O!O!Pc","D!OU3"
"2013-12-27","15","7","D!Oe","!O!O!Pc","D!OU3"
"2013-12-28","14","9","D!Oe","!O!O!Pc","D!OU3"
"2013-12-29","13","10","D!Oe","!O!O!Pc","D!OU3"
"2013-12-30","17","12","Oo!NaD!Oe","!O!O!Pc","D!OU3"
"2013-12-31","20","10","Cc!NaaOA","!O!O!Pc","D!OU3"
